NewName2,BOI_G10_74_1_4271,BOI_G1_65_1_4261,BOI_G2_66_1_4262,BOI_G3_67_1_4263,BOI_G4_68_1_4264,BOI_G5_69_1_4265,BOI_G6_70_1_4267,BOI_G7_71_1_4268,BOI_G8_72_1_4269,BOI_G9_73_1_4270,CHA_G10_84_1_4283,CHA_G1_75_1_4273,CHA_G2_76_1_4274,CHA_G3_77_1_4275,CHA_G4_78_1_4276,CHA_G5_79_1_4277,CHA_G6_80_1_4279,CHA_G7_81_1_4280,CHA_G8_82_1_4281,CHA_G9_83_1_4282,CRJ_G10_104_1_4307,CRJ_G1_95_1_4297,CRJ_G2_96_1_4298,CRJ_G3_97_1_4299,CRJ_G4_98_1_4300,CRJ_G5_99_1_4301,CRJ_G6_100_1_4303,CRJ_G7_101_1_4304,CRJ_G8_102_1_4305,CRJ_G9_103_1_4306,CTL_G10_30_1_4349,CTL_G1_21_1_4339,CTL_G2_22_1_4340,CTL_G3_23_1_4341,CTL_G4_24_1_4342,CTL_G5_25_1_4343,CTL_G6_26_1_4345,CTL_G7_27_1_4346,CTL_G8_28_1_4347,CTL_G9_29_1_4348,GDP_G10_50_1_4373,GDP_G1_41_1_4363,GDP_G2_42_1_4364,GDP_G3_43_1_4365,GDP_G4_44_1_4366,GDP_G5_45_1_4367,GDP_G6_46_1_4369,GDP_G7_47_1_4370,GDP_G8_48_1_4371,GDP_G9_49_1_4372,JAB_G10_40_1_4361,JAB_G1_31_1_4351,JAB_G2_32_1_4352,JAB_G3_33_1_4353,JAB_G4_34_1_4354,JAB_G5_35_1_4355,JAB_G6_36_1_4357,JAB_G7_37_1_4358,JAB_G8_38_1_4359,JAB_G9_39_1_4360,TRI_G10_10_1_4325,TRI_G1_1_1_4315,TRI_G2_2_1_4316,TRI_G3_3_1_4317,TRI_G4_4_1_4318,TRI_G5_5_1_4319,TRI_G6_6_1_4321,TRI_G7_7_1_4322,TRI_G8_8_1_4323,TRI_G9_9_1_4324,VAI_G10_94_1_4295,VAI_G1_85_1_4285,VAI_G2_86_1_4286,VAI_G3_87_1_4287,VAI_G4_88_1_4288,VAI_G5_89_1_4289,VAI_G6_90_1_4291,VAI_G7_91_1_4292,VAI_G8_92_1_4293,VAI_G9_93_1_4294,VER_G10_20_1_4337,VER_G1_11_1_4327,VER_G2_12_1_4328,VER_G3_13_1_4329,VER_G4_14_1_4330,VER_G5_15_1_4331,VER_G6_16_1_4333,VER_G7_17_1_4334,VER_G8_18_1_4335,VER_G9_19_1_4336,CHA_P10_10_1_4194,CHA_P1_1_1_4184,CHA_P2_2_1_4185,CHA_P3_3_1_4186,CHA_P4_4_1_4187,CHA_P5_5_1_4188,CHA_P6_6_1_4190,CHA_P7_7_1_4191,CHA_P8_8_1_4192,CHA_P9_9_1_4193,CRJ_P10_40_1_4230,CRJ_P1_31_1_4220,CRJ_P2_32_1_4221,CRJ_P3_33_1_4222,CRJ_P4_34_1_4223,CRJ_P5_35_1_4224,CRJ_P6_36_1_4226,CRJ_P7_37_1_4227,CRJ_P8_38_1_4228,CRJ_P9_39_1_4229,CTL_P10_30_1_4218,CTL_P1_21_1_4208,CTL_P2_22_1_4209,CTL_P3_23_1_4210,CTL_P4_24_1_4211,CTL_P5_25_1_4212,CTL_P6_26_1_4214,CTL_P7_27_1_4215,CTL_P8_28_1_4216,CTL_P9_29_1_4217,GDP_P10_20_1_4206,GDP_P1_11_1_4196,GDP_P2_12_1_4197,GDP_P3_13_1_4198,GDP_P4_14_1_4199,GDP_P5_15_1_4200,GDP_P6_16_1_4202,GDP_P7_17_1_4203,GDP_P8_18_1_4204,GDP_P9_19_1_4205,JAB_P1_61_1_4256,JAB_P2_62_1_4257,JAB_P3_63_1_4258,JAB_P4_64_1_4259,TRI_P10_50_1_4242,TRI_P1_41_1_4232,TRI_P2_42_1_4233,TRI_P3_43_1_4234,TRI_P4_44_1_4235,TRI_P5_45_1_4236,TRI_P6_46_1_4238,TRI_P7_47_1_4239,TRI_P8_48_1_4240,TRI_P9_49_1_4241,VER_P10_60_1_4254,VER_P1_51_1_4244,VER_P2_52_1_4245,VER_P3_53_1_4246,VER_P4_54_1_4247,VER_P5_55_1_4248,VER_P6_56_1_4250,VER_P7_57_1_4251,VER_P8_58_1_4252,VER_P9_59_1_4253
Di-Tripeptide_Unknown (carbon number 14)_301.2003,6274,5126,4312,11988,9784,7094,6602,4670,11756,33082,3966,80990,29962,7252,6036,30294,24292,14372,26672,19216,3026,13268,13986,12164,7880,6576,25354,10702,11198,20994,34286,11896,4520,8178,17172,11708,1774,30270,21138,10318,7838,17716,12632,24696,1268,173604,2308,13484,11158,12276,22028,15108,38856,7970,48222,24098,22418,27672,6470,9980,37996,20034,65944,7480,19946,9914,9746,10768,5214,4650,8378,4582,6890,6684,4812,2936,9208,2174,6298,12668,24508,19582,5942,4916,12894,13560,12698,14626,28424,38004,36604,28376,0,0,48964,0,0,22862,28972,0,9598,0,12186,16770,20736,0,0,25430,26700,0,0,1088,44966,7846,25784,0,14106,28850,65572,34176,43818,0,39774,0,0,29064,0,60406,61832,0,11688,17192,9160,32838,3438,4500,21000,15396,0,10042,0,6186,12144,6990,6956,25070,15472,0,5434,7320,11916,3726,6794,6534
Di-Tripeptide_Thr-Val-Leu_331.2109,7154,7510,7612,20086,13526,11878,5836,9150,18900,34684,4676,100046,33936,3692,7674,31262,19232,13996,28132,28068,5678,40194,16284,12202,7640,5900,6754,19142,13534,38106,21920,13694,5184,7016,26360,17546,1428,36822,45658,13836,11000,14678,9752,3974,1676,0,2268,12018,16652,13770,25600,14106,13596,7214,9330,20438,26758,24324,7926,13658,20152,14828,10460,5358,11158,0,19970,10354,12360,3562,7878,5338,37040,8498,4736,12384,29328,714,5760,19444,32668,12280,6520,50444,24182,26558,24016,29094,19104,25274,47328,26502,37018,35960,58822,39292,31594,23880,25944,30138,9872,0,18842,20386,20888,9770,25540,32638,36294,42676,44040,0,55610,12300,31660,21306,4734,16218,74104,40268,63230,44232,39596,48184,38816,49750,26446,66250,96676,50826,21048,4320,12934,63058,2756,3854,16324,16494,11894,14680,0,6204,18944,6948,8922,45476,35322,10936,6068,13026,40784,5364,1972,9584
Di-Tripeptide_Leu-Gly-Leu_301.2005,30526,35854,44054,76926,27618,41572,20150,30154,43964,107800,15060,314520,115910,35590,17418,101524,78292,68916,62446,68886,19870,134926,35596,61892,35594,19836,36952,59094,47240,85494,232172,24344,7680,31508,87220,76338,4222,123428,180448,37502,29274,38802,33942,30996,3256,190768,4968,48494,46370,59016,74210,58296,109142,21284,152092,63806,66462,95938,20164,39848,43400,42644,71542,10702,53172,91138,76800,80184,66164,26442,35714,22634,101096,26414,25818,127068,90312,3634,22070,75790,87064,53550,23720,150470,40452,54968,46570,37202,86184,68002,173076,71164,89796,80262,150730,80104,96454,71748,71746,97528,22536,4146,54484,47498,71962,33920,58630,103602,109168,105012,178684,1724,158056,41624,113360,35898,57394,54530,93386,121072,190638,149916,145470,183060,120328,108328,66102,189294,252388,161050,25200,50708,24312,67858,5646,38014,28870,50450,20722,61424,4630,12416,48316,10428,13968,231220,127926,27734,9406,28630,71806,7290,12974,13128
Di-Tripeptide_Thr-Val-Leu_331.2103,17032,17014,5300,27564,18624,22982,15102,11918,26776,44134,13824,108220,54124,15964,17716,38726,65100,32672,40124,36712,14146,29212,34420,38762,24796,16464,30046,33160,19578,60992,82314,17050,10724,15024,33724,22078,2418,60512,47084,28084,23002,62524,32622,35184,2290,72974,0,22602,25466,35640,35300,24142,47356,0,64806,27946,40998,45852,14900,26712,39784,25358,35746,15652,43802,26408,11192,26406,17824,10852,11876,10002,17268,12598,11008,3074,14076,0,17304,37608,40906,31330,18522,7944,21376,20652,23080,22912,10254,50820,30672,48752,40410,38278,62518,42610,61448,39262,40822,29362,21620,11132,43912,75964,71256,48412,52602,83744,64992,87224,100998,3708,66392,21192,56802,26066,46492,30696,0,70480,73688,57298,76536,97570,68854,39044,60890,111538,88908,80846,0,54112,30384,53182,10704,18930,40790,48476,28558,20876,7726,10516,29448,11858,13372,67180,6800,10996,14678,11598,6450,7594,8580,8930
Di-Tripeptide_287.1846,5922,4746,9402,12320,6512,7646,3072,5570,4564,20866,3564,40040,19020,6048,4118,14138,14372,7142,10424,12524,3012,20872,8932,6926,4768,2654,4870,8506,10446,18864,21872,5354,2858,4660,14244,12904,780,21668,28082,5884,4358,11028,11558,11724,838,6794,1154,6660,6164,8938,14198,8744,20784,4616,21882,9244,14130,9564,3826,6980,12704,8902,4824,3080,7914,0,16452,4508,7116,2432,4694,4164,22470,3902,4398,14720,15104,1212,3248,11666,13630,9566,3330,19708,9612,9938,11514,7346,14874,29074,20628,16158,24620,16388,40900,24028,28194,16718,14264,15666,3980,894,9550,9666,9958,5620,8532,14248,20302,17900,18978,576,30818,3500,15266,7182,8724,9016,23272,15298,32776,34308,33380,45060,29528,26320,15602,38866,44502,34456,5916,7210,6004,22316,1922,3334,6704,8910,5994,7500,1120,2034,7286,2190,3788,18278,15200,6976,2740,6270,16568,2196,4392,4280
Di-Tripeptide_301.2005,4236,8922,13808,13610,6498,10980,3080,3210,6096,188260,2554,109820,50786,2530,3440,14140,64184,14288,5950,29762,2824,41672,5300,8796,13814,2716,0,13442,17870,33982,21928,3838,2672,2978,27794,6066,0,28914,14214,5034,2562,4040,18070,3074,440,0,924,4924,3930,6370,11462,4336,33178,3616,23496,11304,17924,7582,3692,5184,0,21030,0,0,8536,39104,30262,5548,4162,2630,14268,3496,29292,2562,3160,48634,30720,636,3580,18934,17374,10188,8840,23942,6862,9306,8014,8138,13988,44682,12638,9306,29038,28912,31092,37506,43220,8650,6948,23582,2132,1810,10542,11350,10868,9088,19652,14598,17772,32518,46612,258,20104,3110,18390,14820,12562,10996,16348,16288,22874,40780,29434,46020,36526,10484,25890,26490,31520,45208,7332,7800,3664,20176,234,1868,6376,11336,22620,0,3050,2470,12460,1792,2520,10752,12502,7520,0,4994,17902,3340,3338,3096
Di-Tripeptide_315.2156,1022,1150,0,4248,1264,1602,0,1556,3278,0,800,0,0,1282,1170,0,0,3142,2672,0,1620,0,2206,0,0,1176,3684,3200,0,0,5694,912,1162,1580,0,4418,0,0,2140,1676,1498,3404,0,2214,670,5646,646,3576,1208,2644,0,2812,0,0,4814,1774,4660,2212,0,900,4562,0,3526,964,0,5488,0,2466,0,1082,1732,1198,5004,1092,920,0,0,0,1152,3924,2780,1766,1248,0,3178,2900,3108,0,1348,1120,22122,4990,10450,10518,5568,16828,8204,10192,4024,16690,1260,0,0,0,1690,0,0,8356,4928,10622,3390,0,33346,2224,2404,1928,4342,0,8984,2812,28446,19924,9534,10308,5628,10790,3082,15530,43688,16382,2016,0,0,5782,0,0,2354,0,0,414,0,0,0,570,0,12710,396,330,0,0,0,0,0,0
Di-Tripeptide_315.216,10874,10076,13922,90698,33176,25624,7520,21572,64874,46912,13352,188778,70740,24122,6514,75582,71710,35562,59028,65976,6982,42198,31776,30030,12606,11686,11910,40926,24006,53720,133316,25490,8160,20538,51072,35636,2842,88406,62212,26304,18460,30930,38050,9002,2036,23502,4526,36124,22380,42186,87598,49216,125250,26448,183380,121938,79450,200332,24310,27472,45306,27518,21088,10512,19906,60378,43918,26092,43846,6506,23864,14352,53736,15844,8814,28322,50476,3546,9514,40544,81686,35182,12440,77532,30848,35332,26616,25804,49310,66352,51560,42746,43912,55244,82054,62780,51148,34062,39108,32896,18012,2146,26956,31152,43216,18598,43008,77242,59666,84094,59350,748,99168,16072,59502,33444,58518,34542,127428,83152,105060,98678,62366,78870,70656,53310,53362,120580,190352,96648,21440,59212,15430,104080,5412,9232,43476,54710,18602,51424,3630,10208,62376,8942,11104,56592,52924,21650,4950,16882,47846,5736,9380,6908
Di-Tripeptide_315.2162,13352,14014,20772,36272,28408,33030,18046,13960,35618,55394,17992,205480,91146,16884,20430,68976,70154,43930,66680,53178,8368,29048,29108,30394,24948,12132,66020,30712,22418,52152,78064,36364,12844,19922,43572,24966,2638,61844,39068,26740,23248,34460,47782,75008,1778,420944,6280,43240,30306,39512,50532,40438,103520,21426,133160,41574,64876,45940,14864,27504,69276,28088,231288,19018,53698,20650,14232,30174,13132,10432,30524,12608,34318,17118,12936,6666,21294,5394,18564,43372,69030,34952,18718,12484,19584,24546,19606,23702,9908,74396,49064,46634,39218,47392,66820,53698,48862,40796,36254,38112,17610,3382,27726,39426,41530,23586,36426,67460,55948,65570,79306,2216,83842,18262,53222,28072,35138,46628,138088,66990,98594,70636,63490,83100,57376,42094,51504,104146,130362,86072,64208,61454,16404,126718,5810,10672,25344,43924,18232,27474,4370,13598,36628,11960,10744,52418,13416,12462,8580,12478,8454,8422,6308,6796
Di-Tripeptide_317.1952,5602,5274,6974,8408,4598,5664,3304,4240,7812,15662,4190,58220,22086,6004,5954,14774,15416,10348,13844,16438,3218,11912,16186,9026,5460,4832,4500,9612,7050,16676,25484,7864,3946,5096,10230,10750,790,16786,15036,7206,5632,8520,8528,2974,728,7336,1314,7932,9512,7104,14214,9946,18944,5556,27548,9920,15886,10144,4112,7584,11640,8840,0,4618,8292,4304,9840,6178,8522,3250,3826,6160,7254,3728,3094,2408,4376,1662,4202,11480,11362,8844,0,6218,10112,11004,2870,8526,8950,21288,23660,15946,17980,13606,27388,27980,24094,13042,17954,16524,8960,864,9348,14734,14718,7794,12290,18852,25644,25500,37784,892,25518,8678,13954,9840,8682,6094,27592,20192,32902,24428,22940,28564,24238,23196,16982,42466,44466,29876,5890,12814,9480,12750,2642,3014,10638,11352,8102,6404,2472,0,10820,4148,5628,17198,7880,5132,4192,5706,6480,2540,3490,5944
Di-Tripeptide_327.2156,4394,3898,14454,10928,6370,8158,4036,7478,7218,34486,3340,106708,51374,5302,6578,12636,10350,8832,13894,14768,4338,21508,6802,5428,2536,2876,4494,8664,7250,17320,17020,7524,2224,4008,13218,6028,1210,14958,9830,4272,4820,7314,7922,5032,1024,21802,1110,8190,7668,6884,12662,5928,21630,2626,41014,10682,12908,10526,2960,3566,14458,5854,8108,3052,18678,21564,5046,4486,5064,2526,4704,2436,12518,3056,2112,6314,12180,1158,3848,14418,20456,4614,3260,20972,11002,9952,11494,5920,9114,13738,25772,28528,17192,17108,38364,17214,19008,15858,16682,10302,4036,0,11214,9916,7170,5388,8236,9828,20858,13892,21420,888,30376,5086,19962,4808,8212,12514,25132,15016,35724,20828,25124,29720,20204,17284,12578,29302,24070,42358,4776,8262,4830,12884,1518,5798,4656,9024,8834,12124,1970,3674,11836,4104,4820,21904,41412,15720,4832,12698,44648,3426,12328,8976
Di-Tripeptide_329.2319,7544,13356,7828,24506,13090,20768,11538,11340,21822,84732,6920,179398,87122,13668,10618,35824,58010,18406,29062,47594,6380,56748,22142,17340,13874,7994,12180,23582,30656,57200,51730,16684,10792,7720,27138,15180,1162,30524,25402,14346,16742,20892,16078,16508,960,19852,3116,18818,12106,18148,49332,14894,66932,12012,66818,34040,53268,55132,11370,19090,28508,23738,15166,6570,21998,21740,22272,11330,3324,5476,9644,7892,24892,6526,7998,28060,30392,3686,9066,27640,41926,23908,9808,39802,17936,23242,16682,27384,12708,52460,28326,21490,29806,27312,43658,39806,31860,21158,23290,18386,12844,1354,20220,18732,25786,15106,25042,35872,36014,41640,67728,970,48390,10972,51388,19570,17640,28014,83324,42010,61412,42030,39020,46650,38572,33094,28402,77544,63454,53842,18940,25796,12488,39880,3890,7296,14770,25604,13460,16034,1758,7162,20444,9918,10622,29964,19698,9684,6360,10542,28330,7906,14076,11276
Di-Tripeptide_331.2101,400,1638,5706,3298,1222,3602,966,1368,2248,7838,908,10216,8366,2502,1318,3550,6326,1110,2394,6208,1332,7842,2368,1088,1394,558,898,2400,3762,4670,7342,1210,688,1230,5042,3554,318,6742,7296,2276,326,2180,2692,566,0,2632,0,1736,798,1870,626,1744,8430,1056,5236,1828,4252,3168,830,2258,1240,3266,1216,470,2012,7980,4936,1002,2834,336,2408,1046,11298,1142,1010,9338,5706,0,930,3696,1160,1338,528,8046,1172,1074,936,1482,1170,12108,0,3946,7748,6744,12432,8308,9632,6346,4666,5200,832,308,2704,3434,3580,1610,2706,5178,5518,5628,6796,0,10174,2256,3052,3306,2812,2778,6138,5576,18890,12988,10748,20206,12666,10064,4654,23240,26608,12154,2410,2680,2340,9366,316,1222,1400,2298,1254,2608,848,2254,2898,606,1830,4412,7140,2558,702,1764,12570,800,2052,1816
Di-Tripeptide_333.1724,8162,5370,1390,17420,3674,10014,3648,2286,2974,9380,1376,25100,10268,1946,2600,15464,44884,12164,4428,10118,1614,6152,3912,23112,7172,6636,6164,12738,4984,6618,44228,3458,3042,13018,27584,7752,1822,29370,11292,8288,1930,3072,23940,6286,1272,21232,1292,3722,5786,4994,7208,10188,12334,8596,12894,5594,4052,4652,2906,5726,3564,14220,15866,2082,6742,29396,18510,28846,40246,0,3622,2950,23372,4014,8160,24238,12810,824,2318,17402,8082,23898,6744,26024,7694,4928,7588,6562,22648,14642,16952,21872,15116,13034,26878,19402,31020,19576,22044,0,1172,2364,5820,10814,7540,3378,0,16020,17562,13508,27946,454,24302,9640,11796,2988,3386,8486,12412,0,22146,20860,30942,28656,24578,0,22866,33628,30818,23802,2652,6450,2296,10546,1484,6772,7164,37112,12186,13524,1002,1592,11734,1622,2454,52862,18394,7066,1632,2878,8282,1306,2626,3324
Di-Tripeptide_335.1844,1424,3242,1398,0,1960,1626,4562,2552,36676,16218,16320,147066,31484,11730,5358,141382,15570,41042,112514,35232,2468,1940,14082,9646,6878,6848,12658,1466,5350,6938,18880,20328,4604,11006,5586,18186,390,14016,14590,7552,10758,30836,5878,5522,414,0,3700,23522,6282,18494,33090,40838,7144,6190,43086,58628,44520,119934,10038,8414,36242,0,18968,23688,9354,7794,4916,11708,1904,7652,2896,0,1504,11826,4626,1704,4964,6132,8002,6298,8004,22358,9904,3234,11426,15780,11296,8406,5492,18858,45834,14076,17744,35722,29468,38962,19118,13712,15112,21290,18986,910,6978,6518,8014,8000,9158,59020,15962,33282,54734,590,62484,23102,16284,22306,20318,21016,83056,38036,50688,44984,18460,20308,19266,19458,13006,45742,87714,39788,41590,25142,5030,87600,4568,2736,18534,11502,5656,4116,2054,5450,5864,7458,8382,32162,2468,6320,3108,4148,10292,3456,9616,4480
Di-Tripeptide_341.2316,8380,7096,11522,7684,14416,8240,6088,8824,5832,33946,1650,45172,16640,2094,3148,7666,42120,3420,3330,11872,8326,74904,8010,36754,31338,9978,2258,27488,61686,59632,28424,4016,2848,3562,114602,7764,306,49962,8012,5854,2036,2538,2986,2400,0,0,722,3164,2874,12998,16078,2686,50320,6400,8116,4034,9516,3236,1930,7940,1580,28164,15198,730,94086,109488,32060,5012,7596,3930,11760,10950,65214,1184,14004,123024,74116,0,5458,26404,19298,16364,7690,118894,1688,2150,3050,27604,0,28374,5718,8544,7972,5032,21716,12964,17774,8172,7624,4752,1356,594,12770,12470,9872,8874,12470,10078,9214,7844,20652,0,9990,2034,22886,4234,5372,18618,10734,11160,11590,22708,7172,14080,8934,5724,6802,16124,24320,10360,3766,8914,3278,16026,344,2900,2698,44346,4174,15748,562,1446,7256,1372,1032,6580,30178,4674,1990,4544,29406,3494,11028,4910
Di-Tripeptide_343.2474,18460,23632,26876,58340,38252,68540,40050,24652,47948,161520,13126,202074,128042,19134,22962,89674,110928,29158,76270,71788,14352,136590,45676,32688,37288,18446,101434,58948,45160,144088,112224,48458,18010,18690,63232,30382,2496,68042,63406,34702,29740,58438,43816,112828,2734,495754,6674,33828,28038,36062,73804,34122,133710,24420,213592,47998,74520,58624,16730,39170,98724,56990,218500,16136,67146,45034,38352,38274,19428,13618,24974,14646,75428,18256,16150,33800,57840,8358,23776,57504,130548,63742,18842,112020,25908,29906,25862,57752,22886,162408,66286,54640,49982,49470,98402,84624,65314,43360,42806,33768,27328,3922,37060,35848,52644,31712,55848,79406,71482,81888,187488,1492,102582,25766,111336,41034,42726,69252,246164,85840,140840,83562,90560,101106,80152,49998,62134,141530,154398,112486,34186,61380,17388,96374,6746,16110,35776,58640,25106,40860,6468,17190,59134,17644,14486,67170,57548,22002,10506,23538,47516,13602,23354,15930
Di-Tripeptide_344.2054,11728,18100,13408,23108,5626,17150,6296,8384,5470,6754,5046,52134,24200,7060,16668,21112,41600,23328,12778,29300,9448,16372,21446,20444,20186,5574,8636,23446,11906,41930,42854,7516,11554,4784,27770,8134,116,37470,23152,18592,20054,5024,22908,4198,956,4592,1386,10358,19214,7360,22724,9558,35692,9154,16638,8392,12142,7622,4114,10022,2680,21996,10138,6462,17802,13484,14190,28402,5196,13196,12408,10278,32002,4804,10446,3706,19670,3928,14846,43968,15238,19822,14210,5972,11712,10234,11932,8596,12764,19072,15564,11516,11440,8376,22566,10780,15800,9088,12256,7650,3270,906,12798,21406,17998,15458,11266,12484,12500,24236,52270,394,12528,2772,21566,2388,7514,1388,12688,19448,13860,12688,22210,15642,11022,10228,14730,16502,17432,13596,1990,9986,8550,9708,2376,3392,7298,10816,10848,18462,800,1050,4568,1598,5460,13670,7548,7234,1352,6726,7474,1132,2986,3936
Di-Tripeptide_345.2258,5948,3786,4202,16204,9462,6594,5194,7878,18940,13470,8702,130140,33306,8084,6048,49744,18438,16716,23620,18078,3500,34848,23842,8524,5658,4978,14248,13664,11606,27048,38364,11326,3504,5870,14674,11228,926,19464,22060,9952,10588,31432,6572,13764,798,44892,2904,11110,11952,18450,19556,9606,31044,4526,34108,11666,22556,16998,5050,8876,18340,13352,19054,17642,12114,11554,13716,5562,12084,1768,6114,16696,22896,5380,3886,16526,20360,2768,5662,15382,19216,12032,6452,49310,8164,7122,9282,11746,2598,19578,38082,14802,22514,20422,32694,24370,23782,16392,18380,20704,8472,442,13250,13494,19954,6196,18898,25928,29178,30952,25842,0,42124,8666,23778,11406,13920,14280,42782,24620,34738,28190,22026,36602,22562,30208,15450,41802,61726,34446,9980,12556,10680,25054,1814,5220,9028,11616,6392,12460,1520,4206,12936,4052,5348,21250,32214,8274,3200,10770,29304,3478,7394,7182
Di-Tripeptide_345.2266,8722,10668,10226,12958,10868,17174,7256,7498,11658,26384,4084,62226,29576,6208,6140,41548,40738,15644,12260,24682,7124,14440,15306,22124,14664,8640,6008,15972,14080,28230,52544,9794,5982,8756,23810,10894,1420,36012,29440,11886,13996,17410,19910,7042,1206,7922,3170,14716,15640,20312,26760,12346,27524,11036,27060,11308,17388,13914,6706,18704,12490,17828,15004,6390,11660,7312,15092,17782,9778,5956,12558,5928,31796,7436,8038,1022,10690,3686,7360,26766,22418,19204,10014,22202,5550,9300,9570,19024,9596,22516,19716,17846,17038,16670,30904,28436,29650,19716,19182,14592,11300,1470,18480,28340,33046,16104,30466,38508,36232,36244,60578,956,39554,10544,32444,14324,25328,34484,37172,45182,46504,29030,28182,43860,42570,19348,24318,65230,53260,41682,11238,25324,9018,33286,4564,7900,14378,29346,15414,12556,1548,3590,12652,5826,7788,27484,4584,6316,5980,7270,15494,3916,2992,5632
Di-Tripeptide_349.1689,1664,1942,2724,5272,2526,1658,1280,1684,2296,3766,1004,9108,6992,1758,3312,9772,5170,2122,2938,3514,1140,0,2698,5910,1276,1470,1266,3230,3360,4652,11046,2566,864,4932,13624,6948,904,10112,13906,2570,2048,2316,3950,1360,406,1842,464,2498,3762,2622,4922,2764,8178,1602,7310,4320,3756,4402,1258,2168,2896,5546,1782,454,864,9014,4640,1702,3816,1642,1934,1150,8322,2262,2420,6876,7204,612,1142,5206,4088,2670,1206,0,3386,2990,3228,4406,5256,5912,12692,8570,8470,8000,15924,6526,10506,7726,6704,8684,2660,1178,3810,4972,6876,2092,5066,7870,12150,8996,10026,0,15190,2754,5804,3502,3164,3232,12592,6436,13304,13746,12506,17616,10654,11726,7460,17486,21132,15500,2840,3282,2476,10998,1100,8636,4410,4694,4644,3820,752,1244,5594,1598,1960,36738,11936,2854,1612,2636,6746,1510,1962,1788
Di-Tripeptide_357.2628,5888,7218,1954,11676,7870,20584,6988,6026,7962,27718,3584,59842,46856,5456,6256,32824,45488,9642,18220,23380,3972,5876,10858,14394,14486,5186,5410,13706,13700,21478,56606,9436,5776,4934,31574,10214,1310,23500,17768,10634,8798,11982,24728,8468,926,23520,2160,11042,9672,16010,0,9374,34672,10826,29686,12336,18352,11758,4552,0,12524,23248,9746,4516,8076,6452,13696,10932,3554,4924,6362,3590,9848,5026,5610,1296,14082,2398,7104,16400,24350,16242,7302,10734,6268,6698,7206,11740,1892,28230,11294,17772,10826,12996,24160,18928,17456,12560,14016,8426,5200,1992,15106,14812,15788,9372,19404,17864,16396,21220,40704,794,26156,7014,33448,8548,12450,20074,32600,24280,46934,16758,23474,29362,33718,11372,18906,59798,36314,41894,8200,25234,9636,27836,3486,7744,12186,15910,8392,13344,1894,4158,16992,4920,4618,18358,8322,7752,4716,6926,6748,3672,4954,4270
Di-Tripeptide_357.2636,5606,5392,10626,20654,15310,18370,5992,9622,15904,32276,4868,75732,45686,5502,6236,45224,31326,13458,29850,23148,5280,63394,7570,13430,10870,6270,9406,13600,18050,44106,34686,12782,4214,6848,33120,10538,1328,28268,20084,9712,7166,17114,14608,12646,968,20350,1930,15124,10012,13904,29124,12640,48436,8750,69778,22112,20120,27178,5074,13168,16022,18026,12022,3464,11006,17494,17220,9306,9324,4536,9596,4050,32714,6046,6172,28316,32990,2780,6382,18188,27420,14184,5184,54190,8514,9474,10266,13544,7052,121590,15886,17452,14718,19072,25146,23730,21148,15438,15130,10952,6246,1642,20124,12918,20704,9424,19948,24978,28268,25414,38984,756,33238,7452,33062,11644,19340,23106,62454,29726,42376,23944,25318,31060,29648,15468,16238,51742,41742,42128,9830,19472,10206,27046,2564,8700,10196,20608,11192,15072,1614,4770,29672,5006,5338,29774,47750,11760,4830,10964,44946,4474,11168,7124
Di-Tripeptide_358.2213,11692,10974,9364,21824,11634,18234,7228,9906,17300,39222,8802,101944,44346,15934,10232,29890,45876,26196,26822,31204,7120,27440,21718,20302,15560,10106,8282,18624,19244,32062,39696,11256,8600,9328,61722,9582,2174,37724,22878,12138,14028,29894,20672,9706,1550,16432,3376,17238,14804,22358,27474,11758,38620,11876,66646,21546,26048,27492,7496,20280,30074,21720,16070,5034,21180,29112,12732,20186,12754,6042,10338,6496,26288,6110,8932,7442,25014,3188,11166,25256,37216,17250,12696,12596,13426,15586,14280,14834,16608,42430,27434,32884,29514,24462,50272,33464,41586,0,32252,22788,8864,1986,19780,20754,20124,15590,24236,35392,28754,30842,42720,1376,48968,10082,35880,14296,25948,14506,93182,32772,49218,35784,44652,55992,42044,29458,32650,67830,57744,49332,16676,30306,14932,36890,4372,6902,11368,25318,13046,12696,3170,4388,12428,4806,9210,27326,15630,9422,9178,9248,10572,3982,4832,5836
Di-Tripeptide_359.2057,0,0,988,8732,1802,1982,0,3666,5628,0,6450,66854,8084,8038,1910,12236,2920,5830,16352,27134,1662,2386,9024,1134,1882,1170,2522,7428,2816,2474,13904,3022,1944,1258,3620,4410,508,14404,11104,2102,1004,15482,0,0,578,5166,848,4532,0,2358,7504,5282,25318,0,22780,4816,16222,9694,2390,2902,3938,1850,4046,1890,7416,1220,9870,2108,0,536,2998,2274,14064,2316,1524,4418,0,0,892,2186,14698,2014,946,6062,13902,14788,10318,4180,3132,1278,17314,14816,16128,11854,28640,16584,18084,11252,13876,12558,3548,218,0,6086,5852,2720,7596,9706,9184,14128,43846,374,24390,8820,23710,8330,11826,718,31610,25640,21554,16598,13364,17820,15568,10628,10660,34040,27492,21110,7220,11738,5490,57100,1282,364,8148,5796,0,6790,1668,2990,9344,3090,4078,19870,16770,6564,2868,6362,6650,0,0,1534
Di-Tripeptide_373.2207,1438,1952,6674,4264,2614,3460,1534,2682,2066,8304,864,11738,7138,3142,1526,6030,4720,2432,3600,8026,1224,19962,4046,2098,2760,1492,1704,4414,9486,16958,0,1898,1082,1328,6392,2352,500,6484,1134,1786,1560,3872,3556,2292,308,7968,394,2730,1392,2290,0,1876,16228,2288,1840,3714,7046,2394,1590,2698,3056,4308,2432,1078,1516,14190,6630,8520,1872,1554,2396,996,24520,1222,1104,22836,16738,744,2036,0,5422,2550,1604,19270,3434,2258,2618,4394,1028,5864,7132,6738,6022,5272,12962,0,7198,3974,4278,5870,1800,1054,6982,4058,3968,5824,12532,0,8246,6866,26216,768,9738,2184,7430,3020,3240,7314,22308,0,17272,9950,7154,17420,14838,8380,0,27494,13072,14664,5408,10598,3992,20338,1182,1326,4248,12036,10824,5188,558,3134,5180,1922,2782,7952,30406,7270,3736,5490,55098,3754,14392,8458
Di-Tripeptide_373.2217,3772,4354,6622,16454,12900,6122,0,9232,13498,0,0,0,0,7738,0,40654,0,11386,38768,0,4420,60490,10540,0,0,3748,37254,11852,0,0,42482,0,2794,5774,18856,15522,1002,22842,11912,0,8124,28708,12024,36538,1030,266706,2878,11950,0,9060,0,15440,51678,0,37982,13048,21254,19846,6808,0,0,0,128830,12730,0,0,38486,0,8136,1862,10490,0,0,10412,0,17734,54010,3094,6786,0,0,14860,0,37304,7316,8658,7260,7742,14610,19560,36844,23084,21632,33444,47230,39088,30212,0,0,21556,17930,1976,8558,16370,0,8810,14230,0,22700,0,44304,1376,41212,15466,0,25382,20428,0,57070,43780,47828,34474,25674,39448,31438,23416,25350,67038,69114,45242,61210,0,0,87722,4536,6090,18910,0,0,0,0,11880,34438,8042,10892,24048,31488,15086,4802,12230,34034,0,0,11344
Di-Tripeptide_373.2223,2464,3324,10044,34952,16088,7138,8310,10830,30366,39500,8796,79122,40408,15240,5776,44004,19784,20170,60500,24468,3196,44352,12222,7418,9090,3430,30536,9288,24950,45388,26488,18774,2382,8196,14076,18608,0,18584,12114,7430,11642,79368,0,28038,0,159202,2906,14814,9414,13592,31656,20554,64494,5444,29610,27760,44388,45018,10760,6678,25948,24968,69282,12458,22746,33158,16084,4434,10130,2034,11496,8408,39728,8476,5104,25970,26340,2120,4906,25254,25642,11476,4428,48678,14918,14844,12588,11900,12538,29572,44344,23180,28508,43194,46080,40002,28770,16096,21520,19880,16130,2158,16584,17770,16630,24480,13968,32556,20562,29704,39720,732,31092,20716,28638,21308,18342,18768,76298,48478,34766,54544,34688,45120,31742,21726,16906,39478,81566,53518,31792,38470,10826,78168,5574,6372,25606,21348,12102,24434,4504,11122,42960,14190,10300,28482,50860,16918,5652,13740,53460,8314,17532,11250
Di-Tripeptide_388.2312,2230,1740,5230,6478,4620,2252,1948,3354,2878,5458,1198,11442,17584,5344,2424,8440,7124,3430,5872,7444,3564,11006,6290,4128,3350,2772,2048,5388,8012,6840,9044,2304,1822,4702,12454,3066,906,11132,9626,4050,3014,4838,6566,2100,1322,4088,588,3824,3964,5310,10582,2674,7146,2178,3958,4260,7998,3624,3442,3752,2550,5332,11278,340,6264,10844,10672,3620,818,1562,3360,2602,9414,2490,3104,8088,6656,272,3538,5826,6310,3632,1674,10612,8630,5934,7676,2902,2032,7248,18298,23502,28942,15378,45384,16640,23730,16984,20654,13838,1716,788,6510,6366,4602,4366,6698,5810,9800,7776,10210,644,20244,2682,5428,2506,3214,4912,12226,5574,16532,21324,28630,22894,16526,19568,14378,18206,23420,18196,1722,5626,2672,5736,1238,3400,3572,4982,4260,6652,1442,1350,6626,1550,2146,18764,1764,4282,2774,4022,7248,1886,2018,3176
Di-Tripeptide_391.2473,4020,4970,526,7434,5954,4552,5856,5138,11684,3174,2848,25354,32910,2236,4154,15776,19110,9924,13928,11862,3484,1508,6744,14776,9158,5118,7318,7736,3916,3076,20420,7666,5470,5182,37178,9070,822,12742,7698,6022,9184,7008,11160,5456,470,10638,2816,12154,5322,12902,10290,6824,13772,6390,17700,9990,11942,11192,8734,16840,11580,6002,5192,4408,6698,2878,2542,12790,932,13822,5742,6566,6464,6060,8832,0,7084,1802,9698,20098,9060,13864,5862,2946,4600,4320,4530,5336,1526,10348,6416,9090,5252,9830,15076,11140,8422,5870,7522,4934,3198,364,6110,5506,3606,10276,6284,9852,4704,7538,18102,514,13648,4092,11480,5272,6894,9078,41228,7794,26842,10696,14038,17732,21578,5858,10190,50126,20150,23092,5436,11210,4710,10812,1898,2570,5490,4162,3124,2296,282,2422,4210,2450,2198,8374,7172,8082,2098,2364,9354,1296,2046,1754
Di-Tripeptide_391.2474,1300,2298,1138,7330,8930,3286,4868,5342,14364,4244,3938,22512,15210,1754,0,7196,6972,4828,7700,7788,1136,4214,4654,2818,2466,2034,7788,4800,5232,6368,9830,5514,702,1972,6796,4328,286,6846,7108,3230,2908,8882,3436,14280,672,49512,0,2428,2964,14612,11928,5244,16060,1938,18090,10990,10500,12322,2474,3082,6754,4074,14914,7132,3652,6112,4500,1836,2372,732,0,1522,6792,2068,2118,0,5804,0,2494,6158,7302,4910,1780,9540,2428,4530,2046,3986,2250,9126,9136,3842,6824,8004,10136,8962,9530,5308,3332,5646,3158,1344,2906,2382,5196,0,2670,9572,6968,5210,9826,322,15734,2088,10738,6006,6088,4730,38102,9254,12366,10840,8196,9614,7720,7602,4450,13144,14602,10520,3550,5726,1700,10100,1522,2150,2690,5806,1748,3570,716,2670,5498,1264,1976,10184,11824,2812,1592,2780,10468,1296,2112,1508
Di-Tripeptide_400.2686,2090,2088,2314,10158,5080,3150,1502,4076,12046,7190,6642,18606,26764,4608,4008,18488,13516,11576,55496,41716,2238,5706,8826,7592,4724,2530,1858,8760,4856,14198,19572,8156,1774,3810,8352,8660,218,13832,13562,3746,6314,7186,5226,2326,1242,3108,1428,5850,7934,7276,14052,12380,38984,2196,36628,30850,45948,33324,5750,4364,16552,5958,4986,3080,4248,4998,6080,5548,2346,1530,4956,4396,5052,3128,3684,0,8122,1346,2508,26524,19978,9366,1952,3442,9666,8150,9000,7068,6102,47782,20330,18310,15596,12688,32078,12392,21620,11462,14838,17878,8704,434,6552,6190,7470,6002,3418,15548,10400,14390,14508,518,19348,28196,8190,23588,9468,4402,22242,22982,45554,27848,22658,23714,18758,12172,14044,37762,30362,27788,8960,14506,6622,14758,1544,3354,8746,10274,4244,6286,1722,5850,6448,4482,2392,17632,7054,2260,2586,2780,4698,1604,1310,2134
Di-Tripeptide_401.227,2392,1724,6060,6260,1340,2486,2538,4778,1614,736,1210,6124,3806,2632,4606,4168,6636,4118,2998,4612,3722,16006,10722,3740,4068,4704,2380,9304,18282,13842,4752,1938,2346,2618,4740,1712,626,8562,2208,3998,3100,1722,0,5450,642,2730,392,1856,3428,2178,3546,1634,7298,2734,4888,2258,3148,2858,1874,620,1774,5258,1928,2308,0,11538,1948,4096,2680,1490,4630,2408,16276,1994,946,8658,10778,1520,2880,7990,4876,5942,2940,14084,2140,1324,2152,5108,2614,5114,2940,7278,2094,4514,11186,7474,8492,5774,5770,4096,2632,808,6924,3838,4172,3334,3384,3064,8196,860,12504,606,6536,208,8926,1110,1574,586,4480,2238,7072,6442,7430,8968,8458,5436,9344,9338,7422,8250,1134,4382,1734,3866,1682,2152,3436,26982,5636,10796,926,1056,9900,964,5644,9012,15232,6248,1386,3282,20702,2540,15550,11600
Di-Tripeptide_407.2369,1104,2184,2342,4520,2798,2096,1088,2274,4282,8964,1630,37060,12566,2148,1438,7332,6132,3164,8300,7714,2592,4412,5080,4030,3242,3212,3066,1588,3428,7424,12770,5234,1090,2078,5478,5490,0,9442,8120,5054,2226,4796,3116,654,0,11850,880,3160,3082,6106,15246,4716,9524,2048,19588,9002,9368,0,3044,5070,5914,5352,11030,2022,4452,5412,11604,5394,2540,1140,2608,2694,4178,1530,1798,0,4160,1352,1948,6006,21966,3976,2366,0,3544,5282,4110,4318,2958,47202,9756,5546,7396,0,8240,7146,4652,4374,4706,6380,2002,492,3490,3370,4020,2554,4686,6682,7842,6108,8324,1180,14558,3224,4400,4050,4308,5126,22088,11104,12418,14364,8136,8126,5680,9158,0,13974,17342,9824,15834,5032,1536,19736,0,748,2790,0,1864,2084,668,2336,0,1558,1246,5508,6604,2356,1302,2242,7164,0,1166,1008
Di-Tripeptide_456.3318,1726,2246,1036,5882,2436,13312,3114,1598,2576,10630,2232,5584,6732,2282,1974,8146,21066,3152,6896,6648,1444,0,4948,4234,4186,1358,4966,2828,2416,2360,9488,3048,3192,1274,6286,4014,594,3272,3824,4096,3982,1778,4838,7264,576,12414,632,4162,3174,3302,8906,2616,5062,1800,7114,7114,8566,6722,1440,7536,4974,4132,9850,1656,9168,2266,2536,2648,580,1288,2242,4744,1900,1782,3722,334,4104,746,2272,7298,8360,2864,1160,1768,3474,4782,2228,2582,2874,6822,2472,5332,2826,3420,7994,5466,8220,2548,4310,2658,456,496,3698,3344,0,1842,3688,6102,7498,4742,8046,214,6002,2370,8304,2954,2546,2774,8168,5996,10350,6138,8780,8010,7616,2416,5116,12402,8072,7786,4116,10120,2676,8360,1026,5768,2186,5808,3100,3216,0,1116,5290,1678,2204,0,9892,3364,2002,2946,3894,1580,12522,3386
Di-Tripeptide_317.1932,4798,2212,14906,10276,7380,6104,1878,7562,11818,14746,6842,47802,22206,11368,4180,7026,5578,7480,13212,7312,4106,10980,14532,4782,4092,2154,9058,8526,8266,16574,31480,2704,1478,3012,10688,13368,670,7626,22310,5360,4196,7060,5546,5774,844,13508,694,5174,12634,7228,21558,6944,9916,2316,33922,0,13784,9012,3652,5594,3520,4064,4624,1456,18490,19324,18618,2374,9966,0,7532,4870,29484,5388,2482,8758,16574,650,1636,10912,28304,4962,2154,20910,0,4822,6116,5078,3538,12526,9408,11010,8128,14800,19504,9242,10700,12480,10406,8534,2250,702,2874,5450,10164,4012,3934,16068,10742,6146,6734,650,27280,4144,9474,0,14376,2288,5018,14376,33466,15454,23474,30078,11232,27008,6864,28744,33762,12798,6534,9044,4122,22706,918,3466,1194,6116,1382,3700,0,0,0,1784,2258,15198,0,4890,1766,6302,0,1090,4744,3826
Di-Tripeptide_373.2213,1062,1804,6642,9018,2856,3364,1570,4624,3504,6656,1180,14618,12046,4064,1542,6906,5218,3112,5942,10168,1538,23170,3606,1614,2970,1428,2210,5218,10908,17198,6574,2110,2064,2058,6300,3894,608,7246,8014,2538,1548,4744,2492,2574,524,4288,592,2894,1586,3504,7476,3112,18362,374,13958,5514,9940,4030,2486,4502,592,5238,3042,1196,2478,15152,5014,9336,2392,1020,2294,1100,21076,1624,1478,18700,13592,942,2044,3780,9810,2300,1468,18352,3846,3144,1178,3584,2724,12154,12494,6814,9894,8446,18832,11748,7220,8308,4370,6774,3012,644,3394,3004,3270,3330,4248,7272,8634,6108,856,720,16584,3898,5192,4094,462,5136,24288,7142,26696,12776,9514,16296,12426,14742,6022,27748,16404,18552,6868,8856,1694,21118,806,1262,2674,7278,3118,5222,288,3056,5244,2384,2746,7308,17574,4942,1382,3438,30778,1888,8188,3670
Di-Tripeptide_400.2295,1828,3518,4032,5586,2592,3070,3230,3226,2620,10010,2102,12660,8812,3856,1672,7422,5178,5352,6644,9594,3026,23596,3264,4838,3468,2598,0,4314,7384,20644,0,2812,1714,2150,5624,4180,980,12516,5548,6494,2084,6402,34488,9002,1048,14664,1482,3222,1454,3370,5720,2206,6058,1650,4566,11356,0,2768,2610,2646,5466,4046,15622,1190,63412,20260,6700,1998,1398,700,2556,3450,12282,1948,1588,16358,16174,518,3336,4502,6472,3880,1478,11302,2946,2194,776,2356,3654,6854,10318,15018,13108,11606,30572,12958,17894,7842,13412,9948,1162,502,3280,3032,4404,2982,4406,4980,7560,4996,6234,610,12872,2350,4034,3594,2442,2532,4560,0,15526,19872,22200,18982,13408,14480,12612,13986,18140,12476,3444,4728,1904,6592,1146,902,1990,3758,2196,4452,1668,2214,4572,1168,2478,3324,6292,4370,2786,4276,12282,1440,2540,3874
Di-Tripeptide_414.2429,2930,2650,4668,6792,1472,5476,3216,3556,4958,1272,3408,15414,10838,6214,3154,7522,9916,6140,7154,10050,2220,2208,2626,5188,3522,2606,1598,5034,3000,6090,8272,2814,2554,2646,9026,4204,0,10788,5750,4402,5924,0,5160,2128,1206,6252,1420,4398,5034,4882,8340,3814,8904,0,13774,4056,8528,5894,2630,3528,5742,4654,7346,2056,4326,8960,7486,3260,5890,2378,4024,1476,12390,1194,2068,11882,2470,646,2490,7960,8756,4318,2994,5108,1040,3318,4470,3026,7458,5136,43356,11770,16584,7690,0,12140,12452,9754,10818,23734,1444,598,4696,5088,4862,566,6784,6524,9768,5748,10056,920,12026,2566,5866,2282,4582,4844,8096,7874,9814,11768,9256,13702,9116,32818,9158,12824,11778,11374,2648,6624,4678,5360,1050,1868,3180,5702,4136,7134,1140,2098,8138,1946,2352,11234,15284,6562,2530,7090,10246,2010,6858,4130
Di-Tripeptide_414.283,5408,4376,0,2622,7420,7916,4076,3252,8820,14820,9874,24874,40020,4768,11038,16470,26734,9130,14640,12130,1242,0,8270,6482,9692,3478,4396,5022,5822,4492,23174,7898,5878,2794,5080,7706,0,9480,12828,7042,9824,4160,6208,7140,1068,12582,1774,9490,4016,11304,30012,11270,14782,10048,10642,13164,24122,22896,15882,11160,6496,18498,6166,4222,7818,3728,2772,4742,1188,3818,7802,2182,3850,2712,4744,0,3158,0,4182,17628,7672,67624,7138,3676,4024,4926,5832,10736,32464,35568,7118,15450,12840,10054,23476,14614,19962,8658,10718,7966,3806,758,6002,10320,6540,6726,4178,9116,6486,8000,9260,952,11844,3220,6196,6834,6836,17192,15210,13584,13644,10844,11378,16542,8502,7310,12542,15962,16786,9450,4136,7926,5226,7992,1912,2324,6452,6992,2678,2834,2656,2338,2542,2700,1502,6246,4172,1964,2108,2268,6250,1438,2402,1814
Di-Tripeptide_415.24,4110,4600,19650,9436,4388,11168,4444,5966,2636,5852,1928,14284,11974,3876,8420,4670,14776,6854,4714,13696,5412,54952,18724,6318,11514,7648,2902,24066,46246,54274,5426,3266,3060,3292,9080,5054,1512,14076,6792,6010,4054,4818,6076,7260,964,4870,2314,3654,3890,2888,7646,4346,16636,5266,17126,3778,6464,3572,2896,4132,6816,11454,4862,0,7606,34462,11312,7880,9148,2890,6108,4502,46468,4046,3116,34526,40466,1828,4376,12694,13848,9848,7574,35642,7474,5482,2952,9850,11880,13274,11224,11066,8302,7488,14038,8706,20604,7592,0,6564,3982,1164,13314,4982,6388,5296,5354,4746,11292,8194,18176,846,7248,1934,8446,5392,2558,3010,10346,3660,14836,10316,9490,7054,10778,9484,9044,13834,5866,7650,5024,6132,2886,10060,3360,3926,3416,33282,6530,10736,918,1948,9256,1912,4124,12710,22518,5746,2492,5022,23516,3808,11982,11176
Di-Tripeptide_430.2764,2080,3002,0,2206,1276,2966,1690,966,5770,5016,2630,4830,4548,3134,2188,7800,8906,4386,13704,6394,1278,0,4022,4998,3956,2480,2026,3054,1570,2360,12058,8150,1544,1742,5014,5666,0,5176,3176,4078,4052,5302,4748,2020,542,3628,1908,3894,3762,4400,4424,0,6154,2724,8030,11628,11554,18560,0,3448,14436,8608,3330,5598,4024,1944,1690,3380,0,2006,1754,2476,4552,2798,2552,0,810,1620,1870,8122,3502,6136,2980,4240,0,5044,3792,2326,4130,5908,6096,4002,3244,5696,6616,8332,6132,3308,4908,0,6366,0,2348,3582,3142,2974,2338,7842,5464,9050,4910,0,9142,10596,3786,8464,5822,2254,20926,12720,11390,7124,6150,7842,5044,4082,4396,12722,25096,10220,7338,8788,3272,8882,1438,2664,13384,4556,1636,996,1328,3500,1366,3544,2498,6432,0,0,2208,966,0,0,0,0
Di-Tripeptide_431.273,3666,4324,3926,4214,3672,3438,4210,3918,4868,4990,3744,3734,5096,3270,3748,8570,4824,4366,6086,4708,5034,4682,4582,4314,4132,4642,4224,5122,4936,5280,7622,5228,4156,4302,6856,5004,4060,4936,4884,4854,5496,1902,4890,4938,3716,4626,5344,5564,5962,4540,4864,6478,5722,4930,5806,0,7058,8920,4974,4750,7390,6210,4652,5258,4778,4804,4316,4148,3970,4832,3936,4108,3976,4196,4430,3802,4622,4808,4038,5630,4332,4862,4656,4120,5348,4718,4224,4264,4566,5060,3520,3008,3076,3094,5456,3542,2766,2634,2920,3368,2948,3002,3662,3590,3430,3554,2446,3944,3328,3756,3594,2636,3782,3712,3388,3864,2344,2918,7452,4412,4034,3048,3360,3114,4336,3226,2956,4616,7418,3704,4804,4402,4278,5072,2414,2260,5012,3104,2552,2750,3000,2666,2436,2216,4374,3588,2236,2798,3414,2110,3612,3242,4740,3864
Di-Tripeptide_440.3001,11988,6840,12232,17194,6242,16692,4194,7178,12416,15316,4580,50388,25616,5820,5440,12992,29908,11262,11686,14508,7178,35120,10026,13736,16772,8468,4114,12740,26164,27496,29636,4938,4962,8088,15356,8262,854,33466,9962,9408,10034,7968,8752,2356,1040,3404,1558,15306,8746,11166,20922,9794,39662,9814,26382,13000,15990,12722,4752,9428,2958,18912,4770,3214,4592,31966,23376,12432,18430,5574,12038,5298,55772,5212,6464,62310,26230,1014,5668,17754,24134,12426,4448,43924,4862,4680,5430,9532,21148,25352,8002,11636,11744,6706,17104,15744,15164,8366,10948,8024,2828,1258,8682,7236,7632,5116,7432,10824,10482,9912,18276,242,14654,3686,14196,3578,9278,7116,11296,10626,34202,22216,16058,18766,16750,8638,13390,32746,22768,24864,3778,8834,4860,14140,1460,4356,5756,15256,12706,21156,1606,3994,16932,2130,3946,11852,34652,10504,2008,7858,43448,3360,12638,6820
Di-Tripeptide_444.2931,764,2306,0,19156,3588,8864,1686,7508,18792,7226,16126,9868,17104,14398,6896,49970,21066,16302,125990,63058,2734,1428,9484,6572,9828,2834,2824,7794,7330,3960,53828,4832,2294,1582,13440,33040,932,6886,25272,8896,8982,6414,5888,2692,540,2776,1674,18846,6172,10060,18204,25412,76778,1690,21396,9950,92862,23438,3084,4084,3230,13450,5176,3110,5508,11284,9942,4230,0,992,7658,7100,6446,7908,5322,0,2770,0,1944,23136,16406,18070,1658,1826,4510,4146,5108,2686,4406,3606,7936,8530,8642,11572,27768,7854,14304,5866,7108,4864,1376,692,6044,12014,8378,7162,4306,9740,10520,9116,14758,0,8552,2736,15346,3934,4600,3658,8452,30706,20136,12020,8700,18092,17010,4680,8266,25472,11926,23464,4328,5050,4754,37066,1066,2380,5568,8464,1858,9894,1086,2254,4342,1814,1426,7814,0,1744,1766,1462,0,982,1566,752
Di-Tripeptide_486.3055,978,1516,6498,4262,2820,2392,1564,2270,3632,8876,3190,17848,14200,1940,1948,9426,8948,3228,13970,8794,842,10122,3352,2714,2120,1092,1436,3030,6190,8262,7294,2768,1002,1522,4372,3382,0,5758,4828,2072,2136,2846,2340,2144,512,6954,1424,3020,1672,1716,6460,3098,14290,1850,7488,6200,9550,10460,1012,1436,4470,7412,4658,3208,1686,6076,6866,1504,2466,0,2678,3814,10808,2282,1116,11180,16550,0,1852,7604,7622,2154,1364,4980,2494,2378,1838,2198,2380,2708,4694,6242,5292,6530,12820,7160,7982,3372,5352,6908,2042,0,2508,2416,2562,2062,2856,3922,4360,4158,10964,0,7548,4254,3812,3232,3458,3924,8300,5504,9370,10340,6520,8824,6092,3612,4538,10382,13648,7718,10858,9022,2448,51332,992,1518,2930,10304,2054,6092,902,1756,6476,1596,1950,4804,8952,2668,1684,2476,8594,1394,6516,13218
Psoriasis_TOP 8 Psoriasis feature_437.2911,276606,190440,65696,221062,196348,348556,387122,298890,306890,394498,343516,13284,55356,351942,414198,160416,61532,445294,89752,228848,482758,417482,502798,433906,714936,668546,674644,948816,403446,210068,635840,277474,409114,373924,561946,494324,55860,560110,417610,752892,560308,99076,116548,128584,65998,35298,185792,717862,603812,640154,218118,1177266,243272,84370,11694,58484,63044,32312,218498,118752,552162,227052,626820,289752,248824,1155164,437032,647480,475244,186052,536264,401550,372134,422328,107562,454090,98916,88198,99598,273436,436260,612970,767010,345870,1375846,1447450,1610440,827842,434308,101568,89954,218316,464822,344278,167948,772600,287538,653296,264036,351322,129024,28086,280232,259662,285370,178586,92524,299358,267712,543114,194018,30588,773718,305588,63384,151752,155758,85802,12314,41956,922964,392618,259202,610924,172170,202432,117106,1070476,773882,994228,228434,34916,147362,374442,56812,58430,507930,419398,75948,85360,285568,88538,147778,247806,78726,347070,208694,120252,90500,89596,44308,26380,34896,42608
Psoriasis_TOP19 Psoriasis_465.3225,108572,127978,13278,66026,61700,178504,234592,117070,182650,194700,80276,910,17726,73810,142332,70732,29302,104732,32174,75770,206814,232156,115088,111864,162434,162766,112806,187126,127950,91100,113368,70716,221574,163984,225464,106290,28044,136392,36210,190746,181226,9270,39774,46788,29736,1628,41316,207126,216428,363524,119068,415682,167170,22180,4310,20766,44024,24452,69948,77704,82420,76186,240290,120312,46102,347194,155772,120646,157100,70238,155886,97626,95002,122472,33550,149402,22636,34666,36190,155324,42492,142892,180850,132086,187036,164622,195338,95766,174788,46802,7044,0,133936,0,8574,165152,0,0,94730,172966,39348,18806,45920,132034,99516,89204,36756,95180,86982,151828,21674,0,229256,81968,23844,62030,38986,65510,4812,15664,176098,175628,0,162494,0,58776,0,203222,183332,271280,174822,8544,65188,109398,15870,26034,236378,134944,19414,37090,158374,6068,36616,93332,24652,33090,51756,41220,27950,18168,7088,13880,12060,12876
Psoriasis_409.2599,6692,3458,2586,10520,5852,7300,7926,10972,17128,6180,18178,1114,4166,15600,16876,5546,2558,21310,3266,8562,9372,4646,11038,6384,15908,10584,8718,16230,10722,2646,138714,8374,7234,7118,12626,34926,1656,22246,45422,18070,12812,4224,1804,3100,1604,2730,3136,15152,10136,14676,6528,35872,8144,3768,1474,13090,4378,8330,4890,3874,11746,3624,14840,5368,0,19712,6544,12654,13760,2256,19016,7148,12208,12568,2110,8974,4002,1652,2936,12244,13872,20070,37058,8004,17122,16608,24086,16314,3244,1508,4770,3446,8686,6820,7994,10172,5556,9928,5264,7588,1840,688,3874,3304,3916,2118,1074,9432,4582,6958,7348,966,16582,4206,2418,5382,3354,1674,1526,3260,22514,3410,2566,7970,2202,3198,1960,20208,12940,19154,5442,1902,2520,18074,948,2806,8436,6746,2580,3308,4208,3702,3150,4662,1978,9842,4054,2300,1938,2786,3080,616,986,1848
Psoriasis_423.2763,12182,7790,3072,25292,9396,14660,17260,19336,24782,15004,34484,0,6432,16316,21688,6824,3534,20510,4174,12830,16122,11390,17942,13080,30958,21010,16988,29182,16994,5756,50004,10084,10224,9730,17236,41658,2056,23216,34640,27268,21424,5526,3226,5088,1796,2286,4676,16572,20120,29030,8728,51328,11368,2794,2636,7972,2986,2610,5546,4052,18998,7920,24020,12054,12498,37276,13826,19440,12608,4786,25242,10056,20086,9284,3114,11952,4612,2002,3690,12560,37940,21830,33516,11242,78980,84060,117112,52850,8966,2652,6428,5678,13918,9530,10426,22354,9284,20590,8124,19138,3162,754,7102,6132,6030,4096,2160,11616,7732,12970,9834,0,22224,10090,3158,6572,5054,2210,0,2296,21428,6862,3930,14094,1580,4376,2416,30972,16910,22658,6550,1160,1896,11184,1874,1188,14072,9298,3742,4366,6658,4408,4102,5320,3568,14786,6986,4018,3210,3466,2938,0,1324,1738
Psoriasis_435.2758,23104,13678,13626,38386,18934,32324,20630,28750,34130,28640,28002,1448,6614,31046,39778,7950,5540,37656,6364,17130,32474,20688,30300,23240,67084,28466,27988,79108,36096,9480,138140,23594,30606,23414,52978,0,5646,88702,140656,74786,40292,10850,5024,8518,5004,4246,8324,46752,37782,33830,21030,117582,21740,9468,4844,17452,7178,10038,14498,9628,35082,14052,40140,19384,28530,93754,26208,51394,37170,9906,53074,31762,56228,72374,9288,31730,17256,7732,14424,40344,37384,45184,52494,29706,61120,58528,80296,51802,10368,4190,8222,6328,14682,12400,15328,32992,12014,21202,9088,14578,0,1266,8664,6146,8004,4268,2268,14532,8576,12916,12562,1526,35998,12310,3350,14270,6374,4508,1112,6170,63910,8224,3466,17466,6624,6292,2334,44540,26674,64744,8782,3522,3556,25732,2164,4400,16544,10818,3514,6812,9514,7290,8582,9260,5970,42816,15706,8864,8902,8334,10280,1382,3608,6014
Psoriasis_451.3067b,48364,43766,30754,58392,48640,80658,106402,66750,86774,70880,114686,1546,9744,149636,85324,18358,10350,66712,18322,49776,132772,96068,161098,87030,177270,135390,262220,387634,106890,53544,170014,50292,113360,94810,135354,0,20730,141128,89498,172954,109930,45248,27404,24136,19868,5206,68572,128300,159416,249832,34770,245226,46776,18638,2220,11378,11944,11340,32592,21048,166770,82606,138592,92830,53834,297606,168118,155328,73022,44108,85356,82972,88872,67100,17900,49118,27110,27034,30776,57382,120168,159872,145098,56344,389870,409552,390714,187194,69604,26702,16736,60592,145408,85214,29714,280560,78606,196268,83624,105970,26592,9484,39676,49882,58016,25362,13784,44926,66310,102088,28182,7166,139234,46184,6952,27810,23072,20546,1452,5130,179286,55230,30662,100462,25606,40366,20944,180410,141426,198648,30650,3682,12052,34484,12382,10878,73632,48690,17348,18130,62076,6298,22516,39302,15102,83428,30136,22444,16312,14674,6662,5114,6718,7442
Psoriasis_451.3067,68020,47776,0,49270,45828,81750,126204,68354,84516,85518,0,516,8996,0,59522,23486,8718,50974,17184,41020,119984,98112,107930,69302,108022,104970,0,0,73364,38796,0,24306,71444,47484,65588,0,10736,0,0,117252,100748,0,14432,19888,15384,2168,0,117412,98688,153474,22256,151346,28722,13828,1586,7750,11068,7044,23936,18562,0,0,106004,59320,32216,175460,0,76714,52270,27096,60600,48264,61772,64580,13988,45966,14970,12938,0,53258,0,77204,98288,42930,0,0,0,0,46894,14778,8988,36262,101828,65108,0,141626,52308,163382,58384,79506,18932,6724,29558,49820,46018,32468,14830,43064,51848,91518,20200,5490,103830,37786,8552,24716,16248,17114,1874,6192,122770,81800,26162,87898,20846,33232,19724,142922,118276,167618,41952,3186,12162,43796,9490,8400,91950,55348,13478,14602,57180,6344,20926,40600,14080,52258,31112,25180,16906,14158,4814,5810,6942,7486
Psoriasis_459.2755,14204,7504,2566,9812,10526,14548,17690,9676,18248,19838,26032,2634,13426,45070,68534,15796,10346,82780,7524,15664,30956,22426,42732,38680,72318,90552,36814,65334,47070,20166,39618,14964,21762,21094,31944,366,4206,26128,70092,39842,76894,16364,12992,25238,10714,6710,13870,87476,42456,42374,14606,69918,13078,7320,4020,15778,3722,8572,17310,8814,22550,12898,43466,14512,0,49356,12476,39406,51790,7040,35826,15106,23946,50840,6866,20076,15810,9540,7070,42536,30038,26574,44078,29900,40024,31146,45472,44918,11434,3706,17818,13968,32098,19564,19066,52430,22142,37252,15836,24138,6900,2156,16292,12898,12498,7084,7126,13450,11434,26050,20472,2552,29000,10272,3772,5976,6866,2796,1740,1414,28010,14130,11382,25674,8104,12990,5260,43392,29230,39442,5956,2948,8372,10908,3048,2366,18420,7132,4324,3434,8644,5782,4648,9330,7966,35996,17108,10534,8116,8698,8320,1532,4406,6112
Psoriasis_461.2909,80628,50938,12054,45312,55846,79496,94750,58198,108996,106190,72274,676,18968,75644,117724,23448,15600,111762,14350,31188,84190,87626,104528,100226,226250,266536,111570,182076,106328,54300,256694,61092,89682,92774,128262,0,14960,95388,175942,210324,174562,32360,24122,31344,17942,9228,26456,158608,132746,95294,52582,266964,46830,28834,7254,36426,14248,20534,67840,31790,73236,31940,151982,59928,36532,183962,53912,151102,105618,27514,102796,68566,93742,154388,23328,72348,47622,24728,26738,110990,74756,103874,146770,80520,144990,98560,120600,124212,26196,14706,24236,27424,69290,47148,44130,105524,37816,91248,33888,51470,16002,5804,37410,36748,38112,18638,17052,36942,48440,70850,37770,4960,115284,38840,8848,21676,17554,13174,3400,4994,114706,73206,36202,113650,28222,36192,14972,155308,142046,152292,33324,19062,67760,38538,10100,12686,95214,52610,17314,12898,39882,19286,20198,43238,10362,72116,25556,16184,13866,13264,10704,2796,6176,6308
Psoriasis_463.3065,273542,189860,31224,195090,240418,300284,423560,257624,381400,357584,301758,268,48152,280794,384676,80720,52818,375480,56068,140578,400148,356216,442988,357828,670632,532770,346912,863076,421380,143104,819586,265108,408694,380398,595422,429398,74994,495188,494818,959566,615992,84434,75692,83816,70374,20014,132688,708364,572102,572752,219992,1227214,226732,128682,18992,88652,54666,48306,269850,122034,333840,137938,458720,266556,126790,953080,309082,548050,420134,121356,561784,289476,361172,384164,104264,337466,148308,119942,129638,448292,330164,500650,719140,259974,570978,492660,606740,355752,102718,63658,70678,179380,408280,270532,140808,723182,239920,652284,212138,272790,122644,43552,270838,262464,255098,189500,93170,281382,284928,502136,228238,46244,980782,321498,34374,168256,136376,133824,10366,32030,613008,454068,186466,584192,136478,158240,78944,814096,804726,755166,150798,41152,162724,160556,59228,61338,451600,299048,65918,85334,309640,62692,112754,226538,117032,634772,216376,158180,125480,115056,47044,21734,55340,58702
Psoriasis_487.3087,6978,4618,794,4530,4794,8460,9824,5322,8824,10104,15700,766,4492,23244,26906,4730,4034,24370,4006,7108,18022,15484,20134,17244,33648,36178,15296,34496,14534,10504,10284,5778,12612,12202,16162,15236,1902,9582,10500,20450,26170,2968,3516,3532,2942,0,4826,37060,18034,21988,5982,33598,5910,3464,1582,2956,1950,1860,6258,4144,10072,8260,10074,5854,2946,29054,11562,24376,20232,4482,16890,8440,8934,14546,3926,12272,5808,2980,3510,18452,14046,15110,21564,11810,16404,16748,20218,12782,5532,2816,1878,2800,6606,3948,2870,10022,4254,8102,3688,4628,1642,1404,3468,3318,2882,2890,1938,4108,2142,4090,3254,0,8248,3258,1276,1660,1750,1544,910,890,5412,7524,2946,4920,1612,2478,748,8276,8300,7400,1072,776,1644,1592,836,1158,3840,2668,1450,1586,2686,1342,1464,1764,1866,5942,2510,2130,1444,1738,1132,0,1176,0
"cholic acid_(4R)-4-((3R,5S,7S,9S,10S,12S,13R,14S,17R)-3,7,12-trihydroxy-10,13-dimethylhexadecahydro-1H-cyclopenta[a]phenanthren-17-yl)pentanoic acid_390.2778",398,8942,442,0,240,7494,894,462,626,70900,0,0,360,0,0,0,700,70,0,0,8508,10376,9802,20076,31090,43184,56968,7418,9394,234,0,156,0,0,610,100,280,0,100,672,4842,320,0,172,208,13430,23974,13464,0,19384,382,0,0,0,214,0,116,252,1218,0,23086,2728,254,2348,10100,72796,1216,10148,5384,596,25238,18128,584,1114,15574,39262,2134,252,1614,2566,0,7918,29632,100,0,0,0,0,0,150,158,7270,0,290,310,798,332,2328,148,964,1508,238,15352,2748,2526,1396,4156,7996,2772,1118,0,0,0,0,300,388,236,0,0,932,13998,1618,2042,64422,23110,19874,8798,8774,50060,33134,0,0,0,0,0,44666,15836,6296,636,1542,842,0,1956,5346,246,130572,602,538,398,158,0,0,212,112
cholic acid_Cholic Acid [M+NH4]+_425.3147,56992,47858,24832,14890,11610,54674,39268,25822,36912,45068,9420,5994,14440,1682,21306,15642,26268,20612,26860,9710,46494,57422,34110,59262,53844,59194,75078,39284,44096,29508,0,31932,12060,5748,56772,13788,5352,30020,7674,30352,28160,16240,11730,13694,19028,70750,44944,42444,19042,56354,13302,26152,10218,7536,2384,12368,25690,7770,55710,4364,23710,36036,28518,15720,69036,64598,42560,60074,48844,42170,63550,62004,54664,24748,60176,67916,58372,10596,43446,51202,11868,61422,57602,32356,2728,3904,3820,11768,11448,19380,28320,17926,2484,2144,12934,20032,3234,23736,48090,2116,23686,4588,47438,25768,38172,31710,35806,49762,46242,14240,30010,2272,10206,2250,8820,2790,3350,5352,3350,3680,58024,19796,23560,77894,64840,43662,55920,56590,73104,64570,752,2486,358,444,2168,43704,44124,40578,6492,14460,4424,2622,5714,46038,2536,68246,10096,58912,14096,6536,6650,1166,5928,3668
cholic acid_Cholic acid 2M+NH4_833.6032,154772,107230,46890,31082,6314,138346,76960,42796,74622,100074,5308,0,12430,238,27886,10588,39142,29496,52744,3214,135490,152862,76122,173252,167034,163312,235722,91042,126202,73056,212,60496,6092,0,147238,0,514,50226,3464,58604,73908,14102,6776,16664,27262,242002,104554,102164,27726,166864,6910,41588,3202,3396,402,12408,46354,1406,139224,0,63388,68700,53742,23320,0,214888,124372,176676,127606,110796,195710,159148,137060,46564,160120,223216,145042,8918,99834,134962,7062,158006,156274,75948,434,0,0,4630,5090,21322,44606,14488,0,0,4982,24114,0,33536,106478,0,38908,0,97244,39722,77496,54938,58696,98800,95610,14614,44862,0,1614,0,1246,0,0,180,0,0,134426,21738,36928,216380,174624,86106,0,115114,214954,163590,266,0,0,0,320,82904,96896,98864,1250,9806,0,0,444,111974,242,209932,3120,131400,0,0,112,0,0,238
"cholic acid_(4R)-4-((1R,3S,5S,7R,9S,10S,13R,14S,17R)-1,3,7-trihydroxy-10,13-dimethylhexadecahydro-1H-cyclopenta[a]phenanthren-17-yl)pentanoic acid_390.2776",119548,82684,32564,22272,12080,110668,55570,29794,55522,80436,12240,5940,14922,1790,22982,16858,28508,22958,30964,9646,93446,122424,46636,149902,127504,141590,232472,60114,84684,43092,2158,38672,12600,5724,116356,15394,5730,34210,8282,35806,37016,16474,12356,13732,20176,248976,64842,58068,18316,129166,13032,28416,9656,6748,2616,13112,31322,7210,105912,3414,30048,59390,34036,15978,243266,212990,74600,148006,91504,66946,171052,145174,113126,25286,128380,238644,114126,8860,65368,94800,9630,125932,122220,45338,2452,3416,2712,12476,10896,19966,33504,22678,2176,2810,13986,24650,4912,30300,79012,1464,25362,5154,73510,31358,44490,37808,40340,70258,69702,16388,38278,2268,12382,1278,10208,2362,3534,4818,3818,4756,97988,23870,30026,193818,144798,61202,103464,88328,185976,127056,560,2032,716,594,1924,60678,70706,63748,0,13870,4128,2282,5926,78076,2236,192078,11338,110140,15704,6280,7666,1234,6764,3126
cholic acid_Cholic acid 3M+H_1224.8658,33254,16930,1400,0,0,29968,7868,1708,8236,14328,0,0,0,0,570,0,950,0,1568,102,21264,35544,3760,54866,37502,44758,144856,9442,20794,3510,0,2696,0,0,37886,0,0,2652,0,3060,3152,0,0,0,0,177270,13148,11336,0,43060,0,1328,72,0,0,0,1314,0,31904,164,1624,10218,1918,0,0,110898,13762,55508,21558,11718,68878,54914,34890,0,49946,159332,35744,0,10154,23926,0,43744,40538,4636,0,0,0,0,0,110,0,0,0,0,0,0,0,0,14862,0,0,0,15174,0,5578,2116,3232,13140,12096,0,2846,136,0,0,70,0,0,0,242,0,27008,364,464,98508,50416,11052,0,21322,87332,41066,0,0,0,0,184,8964,11530,9762,142,0,0,0,0,16468,0,87894,0,32420,0,0,0,0,0,0
cholic acid_Cholic acid 2M+H_816.577,444638,268718,58920,22314,6432,413760,150586,48220,142220,205606,5394,1254,8518,0,28864,11150,46578,22554,44274,4086,295112,482944,95624,714384,501248,576056,1751450,165282,293708,85836,0,78746,6258,1206,452116,0,1200,69620,3102,67090,70590,14510,5584,8744,18998,2111046,203528,179254,16314,526502,5776,45216,3498,2276,0,7308,48884,2140,402176,190,48816,150790,60030,14700,0,1354388,229092,689132,289470,196676,866204,627176,422256,34954,577728,1754342,445656,4348,166278,327784,5238,515974,498930,98354,0,0,0,7184,6092,22742,58222,20160,0,428,6282,22998,714,42788,248186,324,36444,586,216454,45086,112908,64462,90638,225942,195368,9720,77414,0,4422,0,3504,332,0,502,588,608,351424,22074,40496,1117988,601806,163658,0,299832,1114570,528036,168,0,0,0,112,166510,200970,167588,1786,8864,572,0,1766,238052,0,1131648,5152,382778,9838,1526,1616,0,1276,824
cholic acid_1278.7758,25326,24624,5302,1060,0,34364,17408,4932,16708,19370,0,0,0,0,1718,1112,4254,1628,3560,0,15562,25276,7314,29228,20342,24718,51088,16700,18750,4586,0,8030,0,0,23440,0,0,5874,0,5036,4006,1660,314,0,1178,40372,16656,15736,0,27474,0,3716,274,0,0,0,4016,0,24056,0,2652,19198,5746,0,0,39672,14784,34052,19190,15166,34492,38788,30902,1484,28838,34050,26716,0,14440,19648,0,32318,27458,9092,0,224,0,0,0,2062,6484,2074,0,0,0,2116,0,3364,30088,0,3422,0,24186,3352,13374,6440,9630,23804,20742,0,7764,0,0,182,0,0,0,0,0,0,34342,2088,3236,55846,42038,20496,36066,32464,52606,39536,0,0,0,0,276,22764,22098,17482,264,0,392,242,0,24820,0,53662,0,32924,0,0,0,0,0,0
cholic acid_1373.762,9416,13198,7790,3596,820,12306,13446,6250,14330,10068,0,228,1016,0,4108,1906,5042,1720,4724,602,7160,8434,7402,7136,5938,8856,11060,11196,8570,5000,0,8438,702,0,8402,0,0,7178,0,6182,4304,2592,790,928,2056,11640,12058,8908,1510,7974,786,7036,230,0,0,138,4746,180,10728,0,2760,14894,5912,1138,0,7694,7254,10678,10014,8706,8582,13126,11486,3096,9826,6352,7620,0,8622,8704,0,12446,11184,7290,0,0,0,0,0,3848,6290,2952,0,0,0,3020,0,4756,14404,0,6258,0,15210,6356,11076,9002,9434,14542,12102,1484,9918,0,482,150,418,0,0,0,0,292,12664,3584,5138,11510,13340,13764,15360,12988,14422,12694,0,0,0,0,214,13790,13730,10144,0,1318,0,0,0,13534,0,13934,716,12534,1704,196,0,0,0,0
Dipeptide_Phe-Met_296.1204,0,0,1084,15818,3454,1260,0,7112,0,0,2318,4052,7628,2632,1134,7930,11496,4580,7634,19424,1976,26036,5750,2502,4000,1540,2622,7896,2410,27866,19726,1434,0,1668,6044,1604,0,10644,4164,2288,1284,13366,1620,780,0,42108,0,4442,1236,3772,10604,3844,27334,1148,24868,4468,6660,7416,1714,8718,5468,2478,7722,0,4422,7044,3424,3750,0,0,5010,2366,37714,1404,2116,14290,10298,0,1602,13484,17600,1680,1128,3434,3590,3540,3462,4598,0,1424,41466,6738,6036,13384,13226,15542,8308,5696,6206,19148,960,0,0,0,2178,0,724,7004,3502,5158,22384,0,16768,4566,1788,2836,7112,0,49624,10270,33540,25644,8368,10676,14366,15746,6852,22766,23120,22192,14982,8220,0,25146,0,0,2096,7308,0,16952,0,962,11012,1542,356,6152,26058,1216,0,0,1858,0,0,0
Dipeptide_Phe-Tyr_328.1442,0,0,5302,22210,4914,7086,0,6364,22310,0,11854,3512,18340,4914,2888,16684,18600,10218,32850,30236,3846,21654,10908,5320,5200,3516,11480,9952,11906,31560,22860,4582,2792,4478,7266,3182,518,11164,7914,6506,4826,30828,3784,3094,0,93082,1332,12820,5706,12040,19780,8630,34946,1880,99112,31466,28880,31364,5298,12496,22212,3914,32726,2316,18118,11084,10376,7028,0,0,7426,4816,19522,3486,4920,2822,15076,580,3300,13076,34316,6320,4894,3692,7980,6618,7686,7652,0,6154,41460,10936,13074,22018,17450,24960,14120,13048,10974,22386,3350,0,754,0,2886,0,3242,22022,6766,11248,35086,0,30392,7084,8704,7924,17476,0,148466,17056,41196,30618,16756,14058,22368,23248,13582,38154,34326,33938,19256,14212,1000,38158,0,0,6002,6334,0,10470,0,4736,13318,3746,1258,11406,26876,5890,0,0,0,0,0,0
Dipeptide_Gly-Phe_222.1019,1012,906,4518,33108,7440,1120,374,11758,14226,2482,6490,8142,35716,10912,924,14204,28000,4162,9168,30556,2182,103114,12534,1506,7198,2930,370,15098,9634,75242,2700,2662,10900,2182,17224,2366,978,15658,6702,2034,1666,65128,2628,3920,602,132920,742,5076,1448,2476,17274,5724,87170,3640,86044,12070,12526,23574,3456,4200,10278,7640,5452,1420,10970,37928,14132,1978,1702,434,9826,4422,66636,3090,2048,113914,25262,728,2130,10136,35994,2270,1844,6222,5764,4938,5286,12102,1814,6682,86840,8394,9796,25238,13866,11850,6286,3980,4810,36298,2984,708,788,2982,4414,2794,710,13980,8292,6396,48066,1426,18288,5846,2622,4712,17612,1850,87276,13776,55436,48786,4154,7128,8658,38662,4566,19576,35332,19942,27904,21570,644,87064,200,654,2854,21270,532,15582,778,2102,13142,2208,2190,8844,57444,2304,894,1036,8706,1368,2444,1798
Dipeptide_Phe-Glu_294.1224,1708,1486,17326,49128,6764,7420,814,25326,36284,6788,17994,71208,74084,28144,3600,25692,29202,16424,41184,63038,7742,77170,21630,7910,11950,5784,9722,18896,33926,54066,33254,6118,3822,6184,27392,6314,3244,44282,25444,15754,9042,63290,7300,4066,2630,37528,3744,13126,11780,13216,21580,14594,51868,4590,114552,27578,32374,31836,6974,9544,21196,12050,22344,4642,46384,91242,37190,34356,12210,936,11140,8964,89794,5810,10280,113072,58178,1946,8754,18910,49046,7446,5420,93218,19710,20854,11326,17950,6760,31396,95220,20588,37154,42540,69900,49718,33456,17724,13824,61606,6280,0,4710,3730,21800,3546,10858,36420,25092,40828,71508,0,62352,24878,35532,22500,35136,0,158844,42268,87578,77676,22624,47752,43342,58968,17996,50704,75634,47298,47352,29026,9646,192268,0,0,5536,50264,0,19700,1224,11536,19502,7252,0,51422,83278,15722,1726,3230,63268,2260,21474,6916
Dipeptide_295.6518,4854,5250,4098,12032,5498,6024,4390,3268,7574,1872,188,5050,3278,5164,5880,7756,8964,7036,6738,4492,8116,1358,11026,12280,9764,5600,5560,9686,0,2064,13044,4704,4748,5858,5086,8226,2046,10216,6280,11372,9986,6888,7498,3428,1770,4156,2796,7902,10148,8074,7792,8558,5642,3598,8282,10380,7258,20724,3196,0,6558,0,4708,4518,5556,4902,16042,10340,0,6064,6604,8812,3434,5916,4550,938,2340,1866,4668,19026,6122,11536,5166,2722,5024,6326,5214,2802,5476,5756,11174,9462,13330,13172,10430,0,9622,9148,9768,9352,6640,1728,4752,14690,9760,3944,6086,11448,10658,13240,9338,1082,11312,0,7138,4604,4208,2024,7572,10934,13758,8516,12576,13946,12876,9414,11770,14390,15232,17636,8372,5704,5112,9260,1888,3090,9402,6006,4430,5196,2492,2418,8660,2508,6616,9358,6718,7996,2434,4648,4360,1976,4336,4420
"Dipeptide, nucleic acid_Tyr-Phe_328.1436",0,676,5360,39420,6198,4020,0,9046,33848,0,14204,5658,13020,6162,1768,17564,12102,8626,55498,36044,2606,24432,20412,6268,6390,3928,10852,12090,7828,25172,23450,3554,2236,4582,10366,2060,0,13484,6058,4884,4884,43330,3850,2866,292,104220,1352,10928,7280,11424,20948,11736,48698,2114,174730,40124,39032,39282,5038,14144,43606,5002,32764,4480,22812,14014,11450,7068,0,888,11694,6102,30314,3214,3722,7412,17374,1116,4276,14074,57644,6108,4080,4630,7570,6676,4538,5148,0,3772,74254,11018,21630,46570,24514,43016,17556,16134,14900,48782,8740,0,0,0,5612,0,4374,37270,12726,20028,45394,312,54940,18388,5244,21584,34786,0,228334,24830,61352,72668,22890,24838,31464,42094,16352,55914,62852,38420,27310,28800,3858,42892,0,0,11068,12450,0,27568,0,11940,29496,6128,1536,17880,28760,7374,0,0,5020,0,384,0
"Dipeptide, nucleic acid_Tyr-Tyr_344.1387",1524,1600,2946,26864,3076,4370,0,4030,8722,474,4946,5790,5754,1510,1314,5606,4880,4718,9528,9674,1716,8056,5338,2490,2772,2220,2504,4924,5858,13276,4548,1392,1332,2602,3338,1952,502,0,874,2088,2358,34790,2714,1132,672,8194,892,3530,1034,692,13424,2752,15242,2412,77218,16330,16936,17234,3704,3984,31856,1900,6510,1664,3262,6144,3580,2186,424,1234,3856,2360,8974,1662,1616,2424,5318,1118,1322,6616,22396,2822,2018,2170,2732,2250,1724,2018,0,2864,15736,3672,7264,10218,7450,13704,8016,3962,5508,13038,3504,72,572,1510,1940,1758,2396,11124,5954,6158,8352,234,12728,2960,4342,4772,9162,0,41670,5646,14832,39658,5502,10274,7674,9402,5626,9804,23222,11304,5408,6548,1038,7348,638,0,2268,3080,0,12262,1438,4012,16772,1856,1942,0,4670,3190,634,1240,4770,0,0,272
"Dipeptide, nucleic acid_Inosine 5'-monophosphate_348.048",237028,130656,290,146196,178458,294914,224652,96428,159482,52314,233586,361970,310614,139596,202816,524268,486974,365302,589896,413494,124948,13318,175128,235424,219624,149924,130864,113374,136136,160610,70408,279964,187096,238978,61774,130178,345104,361428,142528,160304,239540,138188,284778,352386,231474,204968,259342,171680,88982,132802,242750,156814,409244,383080,455122,264190,277610,186518,254428,262420,185686,94784,235966,254852,159190,2978,44560,147814,140228,275850,191412,153250,17936,163860,276564,4102,17434,358228,398594,165902,156834,156480,248984,29636,49984,50468,71188,173606,42524,164248,147374,574,14734,4768,2096,8482,3498,2680,0,85664,38968,76066,71940,12974,18956,63620,13998,16150,8112,7478,47536,1360,4128,189652,9742,51910,67092,350,89758,31470,3666,13186,646,1752,1130,41172,1774,2200,5126,3176,125858,118086,109082,216418,34780,105492,146778,115768,90256,61024,52122,64478,115666,123638,7280,31750,26492,8182,16886,7862,7546,41814,29808,9418
"Dipeptide, nucleic acid_Tyr-Leu_294.1588",2486,2698,29982,124258,24332,15300,2202,45058,76050,2350,53394,117336,121350,33290,10630,115272,59908,61420,213958,180984,16256,166524,65698,31106,29086,19300,25116,58612,80424,163254,92690,21744,9958,19732,60062,17036,2032,68514,41632,25394,30616,126652,42456,16678,2066,79360,7564,45616,28268,42584,84276,43288,160922,20534,369676,90714,192646,111612,27890,30942,106752,46894,60972,15822,47576,174782,42418,29748,1718,4052,41864,16658,145028,15510,17166,175756,89904,6368,21646,57354,152466,33736,17376,77882,26076,22096,15454,20290,606,71230,206460,57720,102466,118862,144520,128966,82054,53938,57106,158084,19208,156,10778,12278,35116,0,36432,79596,54008,79808,119964,270,144760,42842,39714,47004,75670,722,233584,86764,207340,163306,96792,123710,102324,154418,64654,153034,169228,149008,70936,61434,17340,173254,1908,262,30104,68140,238,77800,6508,17978,93694,17516,14162,87838,80808,32394,5538,5788,71738,2736,3676,4480
"Dipeptide, nucleic acid_Guanosine 5_-monophosphate_363.0587",72054,27212,420,31502,53714,67198,52792,18170,40596,8558,60630,42044,46832,31402,58846,131880,113424,77034,139498,80026,28522,1508,43060,45308,46400,43484,28440,24822,27268,28240,10880,65858,52956,68202,6584,18972,89622,64972,29116,31984,54624,32020,78602,87944,61416,43844,74270,48244,23180,22524,44478,26230,73632,96098,86564,53154,52744,37828,62478,56640,41730,11918,51804,70564,30510,588,5226,33428,32248,76872,43970,36906,1368,39630,74834,1374,1800,89422,96496,42626,44998,34104,67826,2466,10864,8580,16614,41440,6502,30132,8618,1518,2348,2876,1234,8414,1578,1888,1086,5458,10764,21042,48184,4304,6268,29308,4852,8780,6128,3876,8830,284,5780,31166,4396,11820,23194,684,29250,7714,9742,10114,780,2140,2068,5190,1352,5984,5318,5982,27602,44436,29410,17854,11054,29084,36572,23520,31768,20794,12926,9958,58316,31104,2304,10940,7064,2208,3038,984,1142,16126,5356,1424
"Dipeptide, nucleic acid_Adenosine 5'-monophosphate_347.0636",371698,242534,5540,351332,426054,448818,362168,178596,296004,2296,613112,10252,128072,194546,272662,844274,316350,288724,796214,359714,49600,19116,134932,163024,184602,130504,167160,125586,151080,241488,84084,389806,409458,408866,86996,252826,247328,265666,134982,175254,336592,236590,658388,366640,269724,241404,415492,684144,196726,343314,208308,179444,527970,507382,388556,247364,196006,267900,178030,192886,261338,53294,246996,157318,138586,6158,20648,194404,105754,315554,212528,208734,57834,327412,714154,12688,98694,712774,497638,179686,376220,219558,254960,40222,144778,218718,230446,854348,5146,69082,35282,10010,17134,44670,15836,41692,17116,12272,7408,30854,155578,367950,214390,59438,73256,224064,67282,123866,64150,55214,122304,30112,65016,511056,94878,305262,267098,2174,312474,214142,63502,189412,8222,50670,32482,9118,24362,72190,68838,82158,396374,643402,227550,308418,146432,450368,273848,457958,428904,238926,215772,234878,686964,248254,25874,79992,95722,58886,55066,46398,63276,212190,122402,45530
"Dipeptide, nucleic acid_5'-Methylthioadenosine_297.0902",28506,27980,21966,28590,17536,28258,18662,12946,22562,2366,13736,29356,15764,22126,24878,20862,23206,27136,22696,29788,13650,4952,9544,24190,18624,19464,10374,15422,20862,23656,34910,13934,17566,17158,41756,23784,41392,57248,26974,21878,16222,8656,11274,8876,34076,13940,11028,15012,14484,13458,17410,58454,17034,32222,15724,23862,18656,19586,13686,36656,7308,13568,14070,16178,18730,11824,14520,10866,13242,15216,14028,13584,31950,17878,26938,21880,73214,19050,23256,61754,24926,23270,17224,40452,24704,27522,31460,21812,50620,10520,16450,27754,18088,8022,28460,16346,24364,15998,31496,14758,14868,15942,18218,19912,12940,15476,18452,11184,16406,13182,20890,19964,17038,12566,70246,12778,9594,11914,11902,14460,16418,14340,16056,18168,17078,15532,18560,18808,16194,16830,9458,15560,20620,20542,15968,11206,10390,12832,4146,8640,15906,10412,13454,31594,21436,14196,25308,20464,32444,26690,23668,8166,9388,22448
"Dipeptide, nucleic acid_241.1441",13678,4710,19646,35754,0,11106,2902,12004,22200,0,16100,18432,17256,14670,8584,13798,14612,12578,22190,26604,0,22396,0,10688,11584,0,11902,18520,21394,30632,77658,0,0,5344,22262,16402,2614,0,22484,34088,11234,21760,8134,4410,914,38308,3608,9698,0,13620,23982,14448,35104,5774,0,22138,55664,34000,9426,0,18200,12016,17794,5456,13346,38524,28708,7176,16738,3030,11730,0,39152,6984,5936,21794,0,3832,3864,0,50544,0,8444,0,9998,14640,13224,7278,15512,10732,54452,11452,17546,18644,16336,21464,13768,12008,13378,28382,5924,1256,3312,0,10942,2856,5550,21566,12510,13876,19792,1230,26646,0,7438,11964,19944,4576,36018,24704,39652,26320,15830,18224,12346,27396,11680,27200,41244,24022,24380,19298,12330,38692,2248,3448,6148,15046,3204,19524,1878,0,23334,4734,3492,19272,16888,7652,1774,2222,15546,1304,4844,4002
"Dipeptide, nucleic acid_251.6342",6110,3222,5108,9230,6196,5564,5212,4294,11094,0,5486,8828,8448,7208,4884,12108,15014,7376,14460,15344,0,3712,7254,6088,7690,5394,5952,6906,7662,8120,13784,8580,5148,5500,5912,6090,1020,13574,6168,7526,6016,10698,5558,0,2094,20180,0,8174,5330,9838,13382,9510,25594,0,14706,16806,20700,2404,6502,4712,2124,9784,10426,7438,12720,7604,10934,6688,3314,4850,5710,5908,9920,4960,5060,4274,4376,4348,5040,7372,14380,9778,4734,4336,7508,9318,5312,5472,4256,7626,30162,9270,16836,18512,10722,15114,11524,10162,8944,23374,10452,1032,6282,4762,7092,7712,6570,12260,10334,10420,19312,1386,11124,13808,6826,11034,10482,5510,26448,0,14974,18876,10540,13860,12966,15030,9176,12558,16900,16756,11834,11638,4188,11408,3948,6052,21358,12548,4598,13056,3514,9232,10314,6286,4802,19840,7114,5124,3444,4044,8548,3584,4612,2686
"Dipeptide, nucleic acid_264.163",0,6430,0,0,7472,8056,2356,2608,8086,0,7174,11206,0,6128,12716,10468,0,10482,9478,8548,3776,0,6848,11374,11332,4820,7638,7870,2560,0,13642,6856,8780,6824,5908,11512,3086,14718,7656,12302,0,2568,12422,0,2816,10712,4758,8542,10650,8168,10476,6990,9668,9730,13232,10164,12512,12228,5184,11696,11610,8994,7534,6296,6528,0,0,11782,4328,0,8186,0,0,7724,0,0,0,0,0,8474,0,14874,9746,3240,6604,6684,6418,1924,5602,5740,7122,3434,7212,10554,12034,9488,8516,3200,3608,8176,5688,2738,4856,8564,9084,2824,4446,17256,0,12262,5122,1594,11876,6408,8726,7978,8172,9984,18818,14248,8644,10860,10720,0,8644,5804,8204,8196,15240,9864,8524,14710,7438,7286,2572,3914,7532,0,0,6626,0,4344,24704,5186,5102,0,9412,4960,4592,1794,3678,1172,5716,7020
"Dipeptide, nucleic acid_264.6588",7334,5218,8548,8290,7184,9112,6532,4142,7184,10420,5360,10386,9684,7664,7016,9626,11066,8116,9614,8582,7240,7642,8072,11816,8264,5850,0,0,7432,7058,16242,5808,6410,6106,7728,9776,1992,16100,11080,9668,7770,5282,11440,9290,3262,14370,3464,9092,0,0,10024,9304,7664,5980,10522,9838,8976,10600,5896,0,8734,0,9280,5304,10140,4798,11296,9916,8748,7866,6102,5190,7134,5654,7612,2452,6616,5884,10244,9896,10594,10436,6794,10164,6524,7188,7940,0,5416,10422,9726,9618,8854,12246,10754,10574,10902,8724,10390,7602,6486,1710,0,8380,11796,0,4112,12242,9018,11968,11434,1086,12758,6136,10712,8334,0,6718,12356,11732,13840,10554,11596,9240,10076,9538,11328,14454,12176,14574,6124,9096,6912,9620,3006,3120,8588,11684,8146,0,3272,4190,12132,5250,6514,10390,18386,0,7686,0,0,3196,13642,7938
"Dipeptide, nucleic acid_266.138",0,0,0,8890,0,0,0,0,0,0,0,9110,0,11294,0,7838,1066,0,28360,0,0,492,0,0,0,0,7612,2840,0,0,8734,5986,0,4960,2724,0,0,17052,0,7110,7100,7454,9498,6964,0,21692,0,10208,6422,0,0,8660,0,6088,7820,7656,0,19056,0,0,7810,14696,17404,5450,6266,0,0,0,0,4670,522,0,480,0,0,0,0,3852,0,4870,0,0,0,0,6090,5502,0,0,0,16358,0,0,23258,0,19152,27774,9946,10678,0,7490,6428,1680,0,0,0,0,0,7784,6986,6118,0,0,1922,5974,7590,17744,0,0,0,0,0,29982,0,0,7474,0,0,0,0,10718,28370,0,0,4878,1916,0,7672,0,0,6092,0,8548,6462,0,0,9206,0,5608,0,4342,1008,0,5318,0
"Dipeptide, nucleic acid_266.6431",2536,2358,362,6910,120,5170,2182,2346,3760,6734,192,4028,5660,4616,3028,6876,5824,3734,6556,5144,1818,0,4584,5116,4108,208,5430,2860,2888,2346,6458,2626,2594,0,3416,4084,1360,3828,3820,8196,4882,0,9202,3508,1872,7662,2332,0,6358,2946,7050,4568,6262,3988,0,6492,6016,9316,12786,3780,5888,2816,8858,3996,7206,2452,192,5156,6412,3724,2676,1812,6424,6618,206,0,4094,2224,2136,4846,10886,4238,3492,4144,4968,0,0,2914,2768,3488,6406,7396,6920,6492,6390,8052,6680,7440,8556,4780,7834,872,6116,9818,9106,8068,7282,8260,9012,13980,13874,324,9294,0,13562,3684,0,4792,6426,9154,11034,6394,7954,10198,9608,6716,9336,10064,9570,8656,8436,0,11866,8804,2724,4154,7606,16464,7618,15538,3342,6638,16004,4248,6936,10884,16302,6474,4912,6704,14088,2738,9782,10766
"Dipeptide, nucleic acid_267.0973",627028,588828,12706,220274,408746,979718,1656224,292712,299648,41368,211552,6668,670750,830568,295470,178842,667948,225962,138290,0,84610,92258,102188,258646,183742,250916,118370,0,335624,200430,57812,89328,636130,238498,2848788,234052,299640,51726,262964,103754,386932,0,489676,767568,434194,186236,571886,318912,781310,265492,16670,128506,0,671678,76740,0,203462,171514,152296,202080,247254,108418,277090,133794,187608,45254,13106,641030,1326028,652684,443064,45428,0,528420,294736,0,486398,880324,1199612,157838,197176,61556,391780,23316,411972,413456,373616,817002,721454,2314920,34010,24344,27554,31938,30722,46172,39418,20076,39510,44888,106374,350136,172412,119918,69816,226084,95144,78366,55852,63096,164604,168052,63924,77144,631750,181748,108342,287804,0,163194,41364,60496,20904,14534,45972,15498,41040,34566,43684,46440,80276,215550,116306,422054,360168,777662,223686,113196,1199566,0,218708,0,0,285850,43558,44000,24490,113154,106472,59140,12054,135518,0,38674
"Dipeptide, nucleic acid_268.0811",680366,633742,1293550,375544,433148,703148,766642,476338,323518,1533446,455398,987340,1026540,598854,547482,717906,967832,574168,677408,622724,512148,981086,586806,561038,739370,494146,494998,483642,887330,912172,733946,482056,581310,427102,1545896,586360,532964,939702,784400,450638,519614,370578,589116,529978,453740,300026,570350,325450,388756,390800,581470,363374,534682,628198,504040,486346,538262,500870,457658,406306,331178,1243786,561024,589298,372038,1252348,720316,311426,608148,436498,476964,425820,780666,435356,489742,1519690,835944,585146,642078,569532,344226,517422,426894,1065376,513434,421684,553772,618752,1085050,858662,710716,547914,535442,458800,477494,511516,523088,497174,482440,528392,640084,671122,639974,572840,633604,560314,588478,568724,609810,523926,682982,553988,433676,407364,534120,428406,421732,1553106,494246,573486,409368,504370,633196,469930,497812,648576,603720,394044,444888,551424,410762,644380,640634,780278,563578,763974,650710,943640,831284,686082,613228,674080,645004,654546,453920,632174,918276,736422,751118,795704,851532,1016664,1091354,1030892
"Dipeptide, nucleic acid_268.6364",2502,6948,2654,6066,4560,5432,3462,4014,6672,3012,4522,6732,5030,5076,0,7404,5616,5536,8032,6434,0,934,5872,5044,5746,3440,5498,4530,4416,2714,7152,4570,4126,2568,6336,5216,768,5700,404,0,6324,20006,5310,2330,994,5826,2862,6734,4354,7104,6292,6878,5170,2626,7874,6174,6402,7810,4118,4270,5272,5240,4910,3666,5050,4666,4680,4464,4920,3896,4318,5536,4418,2896,0,2876,2736,662,3314,5302,12206,5470,3940,3840,3632,3354,3656,2276,2222,8508,7164,0,0,7682,6196,7292,6268,0,5436,6054,6454,1734,6506,6264,6726,0,5194,6564,4658,7156,5144,952,8858,5690,0,6300,7406,4214,7620,12162,0,5298,0,7056,8410,6932,7174,4412,9300,8156,0,7154,4308,0,2984,3732,4310,6330,0,5190,2390,284,7792,4138,4512,6760,5240,4026,2920,0,5896,2442,3434,4022
"Dipeptide, nucleic acid_299.1834",7526,3174,24312,18498,14588,9744,3512,12154,0,38274,7962,45032,23814,10530,6350,8318,12652,0,0,13154,0,58320,15546,5598,8802,4092,10798,14984,19778,36698,19212,4052,2780,2630,13898,11416,1874,21606,11904,5714,3064,14278,0,6626,1196,36738,3026,5008,4584,14398,25930,6192,23902,10618,0,10318,16778,12212,5998,5146,13766,7208,22074,722,14948,21818,18268,4182,9152,3954,9478,4010,35482,4338,6436,38904,46408,1010,2284,13804,37794,5306,5500,45136,0,7338,0,19608,0,34942,0,16320,13740,0,25024,14094,10556,0,14494,8908,4610,2666,13104,13274,21176,18100,15690,26296,13174,10068,8852,2792,32058,6722,26932,5154,18818,11246,0,0,40632,23990,19956,30158,15210,21284,10154,0,0,26422,12152,37724,10376,28616,2030,0,3074,17848,8010,24302,2490,3398,11686,0,4074,13208,38126,8652,1926,11050,38568,4098,17710,8184
"Dipeptide, nucleic acid_347.064",18996,10564,700,7446,10388,17684,24164,12006,14608,10002,19696,51246,63386,24046,28486,42658,60204,36218,47254,53858,20438,27714,36640,17068,22796,17792,17156,20672,32434,46136,15144,10570,26484,11752,13514,14782,17750,46122,20992,16930,32656,9008,35952,18112,13556,10968,27490,3054,14234,14146,21902,12368,25284,18748,11988,15644,17654,13282,9840,12060,8822,16168,11650,14432,9754,1302,19634,9956,11920,12528,12782,8822,16216,9874,10120,5174,19134,11978,2716,27784,19062,13088,11354,40078,21676,14208,25886,19264,9646,20884,84174,169908,120052,98258,195932,109294,135834,96202,122140,49198,25586,24486,28170,32130,38056,17294,34684,25324,40296,30106,36648,46666,100852,18534,29792,15182,14746,1426,22330,19010,81018,71870,94462,154020,102400,84108,81986,97736,79106,73440,14518,25898,33436,22790,14702,2908,16526,25326,22482,16290,19152,14622,15092,16980,72662,34588,96622,48708,55544,78662,82688,46738,89878,86636
"Dipeptide, nucleic acid_361.0796",26648,16358,121066,272,5642,18344,17254,3614,7364,46522,3692,23886,7354,13278,7212,2804,7766,3088,8452,296,3178,6820,2100,3942,6168,2478,3554,3814,5180,6700,16616,6246,14004,4512,19582,10814,4360,11058,15874,4830,5298,6906,2768,7514,4850,404,9026,2110,4372,9386,9790,3078,6464,10200,24528,3780,2456,4460,4536,5822,2556,12814,2946,1572,2136,8110,20018,3954,26474,8472,5488,3694,3978,6450,5748,10214,4376,6960,6038,6336,13536,5976,8128,11440,11358,18650,15964,14368,63416,25408,1050,1812,1430,2062,1650,1196,1002,2262,3578,2242,3080,12782,4314,17952,7394,5162,7724,3504,1934,2442,10874,9762,3404,258,6622,3222,5740,225854,2634,10930,3962,1060,3472,1060,1894,1442,4810,3572,1238,1836,1676,6362,5336,4268,18318,18552,4146,32304,11960,7678,3214,6672,4930,13790,296,2098,21770,10468,4432,5530,17548,8138,20526,12734
"Dipeptide, nucleic acid_363.0589",7720,3310,468,4066,4866,7024,6606,2376,7698,3150,8280,30088,45508,12964,15364,27860,34192,19886,36302,45206,7956,1062,16838,6782,8760,7080,6146,10898,14716,15592,5092,4516,11124,5504,914,3484,8862,26254,7606,6958,13564,5434,22730,5714,8932,7618,10566,11816,3190,3176,9574,4714,12064,5510,10132,9264,14172,7250,5668,5414,5184,2268,6942,8374,4176,442,3898,4110,2670,6124,4104,3078,1320,4258,4258,520,2040,5792,5496,14908,12456,5332,6578,2776,8430,4130,9166,5602,1374,5386,70174,126448,92162,64884,183364,83740,115484,68414,87052,32988,12268,7134,17076,18014,19960,9448,18634,11708,18022,16502,25302,30328,66708,6418,11528,5050,4762,454,13568,6398,54682,58316,74930,106336,76838,56166,65708,64120,70462,51782,6878,15758,17972,13014,5748,3602,6140,7684,8334,6472,8660,4810,8836,8032,50516,16850,18652,12676,40210,38974,7482,24406,30942,53500
"Dipeptide, nucleic acid_382.2201",2186,872,4918,4248,2242,4372,844,1488,1954,7374,1054,35416,16200,5360,3048,1946,2172,3006,4632,2446,1266,4082,1510,0,1680,0,948,1054,1296,3676,4212,1556,974,1104,3514,2748,602,2672,3432,1104,2978,1790,1266,696,0,304,0,1450,1672,1746,3592,3090,2632,934,10194,2604,3252,3824,1292,1358,2508,1330,864,494,1006,2276,5466,2028,7552,1108,866,0,3248,1934,788,2256,3916,508,528,2078,20182,1436,804,9592,1288,1420,2400,1154,2402,1326,1950,5144,2468,1906,6954,9624,2998,2730,4644,2974,880,134,988,1006,1386,800,974,3426,2112,1438,3496,636,6540,0,4030,850,1050,1534,1504,4388,6006,17620,4170,6490,3158,4682,2690,6070,7888,3938,3234,1734,1372,5086,712,662,1216,2706,572,1138,744,826,2674,914,1364,2504,7664,2286,964,2640,7212,3404,5288,1256
"Dipeptide, nucleic acid_384.1224",16420,8330,27698,3480,6380,14864,14546,4014,6750,6442,4072,11472,10998,7132,10318,13000,15846,10668,10118,11114,7624,4044,9008,11374,0,10872,8290,7882,13976,14044,0,13218,14708,5500,24704,7056,10722,18180,12606,9122,8388,0,7062,14298,8614,0,11300,7350,7312,5662,0,8502,9502,8604,11356,8954,9034,0,10222,9250,3310,14214,7898,11672,8712,14374,7018,8460,11724,11944,7078,7394,6792,8592,0,9978,9496,10780,13106,14308,0,8212,11220,11772,8912,7514,8140,11254,12814,11510,10144,5424,0,3734,0,5236,6640,6776,5910,6546,7360,17760,9488,8048,7770,6512,6752,5710,5776,6942,9172,7736,3798,4574,2860,7608,0,18304,8756,6910,3044,5222,5992,3780,5688,0,5854,0,3304,5260,6242,7892,8206,8720,8304,10808,10384,13552,13640,8532,10320,11226,9506,11638,11120,3112,6456,6824,10056,6820,9444,12830,13130,14948
"Dipeptide, nucleic acid_430.1345",2578,1666,4888,8236,3576,1746,0,5638,8760,0,26854,59480,32746,9950,13928,32870,18114,22862,34434,45122,14408,16256,32224,7630,10614,4024,8098,9978,14230,15566,20652,2660,2740,2558,11836,22204,4374,197748,28754,9640,6720,3372,8500,2456,3028,3224,15708,7122,3416,3688,7064,7136,26788,2304,12444,9098,9368,9842,4450,4148,3054,2114,6744,6928,5856,19574,6962,2810,2030,5208,6486,6948,11366,6466,5966,22056,27908,5326,2204,13668,27088,4626,3634,6832,19426,11278,34650,12904,3324,1546,21524,31632,27584,54008,68896,36766,41006,23646,37088,25950,9410,6452,8184,8928,15634,6414,7396,17944,16292,9666,11656,19260,17736,6162,11282,5066,7978,850,5564,11128,11062,17854,15252,18848,11502,10792,15764,10948,8722,17416,6502,4812,5690,19072,4418,3054,3274,8944,5756,3180,6168,16276,9588,5300,24756,14550,10920,11438,16484,15876,4404,16386,34808,18828
"Dipeptide, nucleic acid_433.1615",1838,4202,6082,4302,2216,6042,5884,6204,1846,6516,2474,8408,14804,3180,2240,11174,13006,8660,4850,9208,2734,11816,4136,6252,4856,4430,2692,5962,10196,8644,5104,6908,5110,5836,15076,4334,1966,11868,5862,5864,4118,3434,10596,2640,3548,3834,1562,3414,4024,1958,4728,2240,10336,8622,3208,6246,6376,3842,5234,4274,2934,14644,7296,6158,4904,14350,4426,2014,1974,1012,5964,5516,10838,2696,2892,13062,3474,2028,8696,7636,1964,6794,1462,3744,7474,3438,3590,3626,3084,12190,10114,6290,8302,3980,5332,6194,7752,4252,4330,9362,4680,2700,10676,10876,6172,7612,10022,4444,8634,6022,9346,2864,4132,2754,7148,4088,2830,10864,5538,4432,5248,6132,5520,5496,7582,7600,8802,4556,4504,8498,3032,5338,4528,8760,5750,3898,9860,6664,12992,10234,8218,10874,10852,4506,7628,9150,6034,6728,13164,4948,5498,17702,7772,8602
"Dipeptide, nucleic acid_536.1621",319270,210628,609246,159654,203206,250806,246304,206170,125212,879808,147020,415458,477696,255270,236230,322188,431644,252674,273100,261234,247770,377178,266940,280696,365956,257498,254176,220380,394412,384172,324838,237330,207476,208102,868548,225096,267780,482498,365992,218146,226592,179676,285410,245876,214720,113554,247248,137342,172238,162952,234476,161266,209456,248482,174476,188872,208416,219224,212466,153540,147242,637632,292882,309476,165670,612018,286670,139828,238316,186872,219634,222768,300084,203664,222892,781262,334408,251796,321096,250554,81138,251018,205770,502972,219994,185126,182194,245626,494928,331870,332634,244166,270278,197024,188316,224540,240470,211282,186646,249000,347206,327256,321154,279946,345116,235252,295554,294592,330892,265154,343364,260292,148236,201068,213174,239646,178164,651606,206796,246746,151000,206584,251502,194580,217370,291168,275338,127778,162180,247856,155696,293020,335274,385814,240122,364560,356114,472978,296618,374102,352304,422430,329968,327556,217114,341068,419330,314048,415984,378796,308174,453878,573306,532264
"Dipeptide, nucleic acid_573.1237",1308,1100,2654,0,1238,0,2218,1952,1770,1728,1308,1904,2010,556,1696,4476,3932,2548,1698,1592,1302,6382,2476,2378,1726,1406,1154,1674,4356,4178,2704,1258,1556,1976,8130,1408,876,4202,2194,1050,2036,0,2754,936,998,0,626,3266,626,1594,816,898,1622,950,0,1422,1554,0,562,1294,0,2316,1732,856,940,4428,374,0,0,660,1462,0,4274,642,558,692,5508,674,796,1608,1616,1720,504,2626,2464,1424,1310,1728,814,1972,10968,10262,10780,6914,18242,10526,15704,7236,10738,6406,796,764,964,2416,1648,1550,2238,2504,3782,2750,3336,3874,12252,724,1914,1430,0,0,1562,1228,7984,9714,20498,11516,10358,10428,12290,0,10432,10178,1028,0,1244,0,1162,1394,0,2530,2986,1406,1386,0,1366,0,2420,3202,226,3448,2770,4008,10712,5560,5346,7596
"Dipeptide, nucleic acid_252.0893",18338,9856,20802,0,19406,18980,17358,0,0,33552,0,49552,43140,53490,18422,0,27518,0,0,0,0,86108,0,0,14752,0,0,0,38772,0,47176,9102,16980,0,16484,36270,9524,78092,104180,14990,0,0,0,0,8152,0,0,0,0,0,0,0,0,16454,0,0,0,0,0,0,0,25262,0,0,0,0,44538,0,8186,6978,0,0,0,11452,0,44414,390,0,0,0,0,10286,0,38126,45660,0,55172,31580,15888,21834,4968,81330,65292,33048,114762,70660,61634,79658,89704,25110,0,9934,27190,17458,8966,16500,22622,0,17906,0,21944,23742,55828,12056,29678,6304,0,37110,0,61368,49886,13640,77918,72248,45796,88930,19158,81938,49306,38004,0,0,25918,37862,8918,27086,17070,61460,31222,0,5846,12432,7878,14446,24434,6516,41608,30368,25038,32836,41796,31928,47832,41762
"Dipeptide, nucleic acid_532.274",3520,5250,14176,0,9014,10026,3114,296,3428,5034,8640,8848,3864,13154,4794,16388,18412,6626,16834,6394,6856,93310,8172,0,7610,6848,0,19678,27524,65892,0,0,5592,0,15662,8344,1470,0,5166,0,0,53372,0,0,1566,22036,4148,0,0,11334,14004,8096,6404,0,11346,0,7690,22894,42840,7860,0,0,0,4842,0,1840,27128,5230,0,0,15214,3154,74942,5140,4286,0,33626,4310,4880,13744,22502,7324,5336,34646,9740,10034,0,4440,4668,3308,8466,7382,0,26744,0,0,0,0,10246.04,40558,6354,346,3032,4180,4972,1722,4362,18514,14598,0,5204,1042,23538,15670,0,6638,1588,3116,10982,0,19332,7734,18502,16730,19814,8170,10122,16232,12820,0,7710,15502,4494,41650,1560,2638,0,7632,3524,0,472,0,0,4756,3934,0,32698,0,3218,0,26742,2094,0,3338
"Dipeptide, nucleic acid_551.1736",34142,20288,83890,20268,16204,34534,28822,20522,21642,81856,15280,77602,76218,26380,31022,31196,61374,25306,36086,34312,30976,87036,25216,25252,44924,25470,20110,22630,50926,51060,41990,17698,26324,19100,112338,44446,25720,55840,81198,24032,15790,20542,22696,25252,17474,13562,26934,9932,16902,25474,28450,15472,35888,28558,35254,24580,27762,31226,21538,17238,11622,48562,20528,17916,11676,87360,51632,12954,33230,20300,22182,21702,39594,22982,20630,80150,39430,19214,27044,24628,16288,28462,20122,63448,43638,37274,42450,42770,81446,46138,54766,89308,74150,49744,98910,89222,68438,84698,86020,54486,42316,34744,54182,42502,42488,35726,46238,32650,45734,36156,44940,71888,66812,26310,36458,30580,16596,82772,35586,35338,65694,49688,84794,70614,75416,45700,70840,59934,65182,61794,11676,36504,35622,33118,22136,34402,33756,55588,40378,32196,33246,42034,38932,47846,52078,63620,87074,47904,54990,58590,68380,74804,91220,88626
"Dipeptide, nucleic acid_696.0958",55356,19442,0,23968,41078,76652,52494,12460,31406,3986,54910,81694,73720,21112,45384,163498,138358,101826,164874,109112,22338,320,37046,55574,50390,29806,22678,14630,21988,26250,7416,81052,45528,62810,6002,23412,106758,83110,26162,33866,62170,24492,75318,103686,67676,39990,72738,38002,12800,25812,60642,33446,113932,114832,113400,69248,67428,39020,68188,73844,39626,10892,51856,73310,29064,0,2616,28528,25388,72090,43398,28522,664,32580,74734,0,584,99106,114252,31642,29288,30802,66430,1086,4498,3866,7490,35736,2186,31824,19598,132,458,0,0,240,0,0,0,8524,2428,7122,6666,136,714,5408,426,656,312,0,2922,0,0,42840,308,4872,6170,0,8528,1808,124,482,0,0,0,3396,0,0,112,0,19958,17104,15410,43866,1722,13382,24186,16894,11266,5510,4082,6644,14586,18266,64,1658,894,420,774,0,0,2368,1252,0
"Dipeptide, nucleic acid_799.4333",1278,764,1192,4400,2276,1138,1150,408,1498,438,104,2966,3748,2044,966,4528,2804,3076,4874,6814,712,0,4734,1274,918,826,1226,1952,660,0,0,1656,608,1094,684,8126,1112,4468,4216,930,1336,782,2238,1446,900,1300,700,3984,2056,1806,3388,5628,3524,792,2254,2736,5468,4332,1852,3996,350,2002,1142,942,636,1308,2452,1216,2306,1266,1114,590,416,1140,1342,0,0,482,930,0,3450,2010,1088,562,1552,1532,2192,1322,902,866,7174,7288,7184,0,7482,7472,7680,6852,8328,6764,3510,1238,3680,5932,5020,1054,3480,4920,9198,7624,7764,688,8388,2822,4696,3932,7702,1752,4538,6622,6830,6624,6394,10822,8482,4594,9696,7300,11574,5938,3074,3660,4296,2652,2702,3550,5318,3804,6258,2042,3412,2888,6772,2186,4510,4770,0,5508,5890,0,2052,3752,3850,6382
"Dipeptide, nucleic acid_1044.1442",4112,1686,0,1744,3484,5240,3114,782,2850,0,3200,4464,4084,1088,2950,9556,7984,7128,10800,7508,1152,0,2248,4136,3486,1540,1278,628,1320,1326,352,5132,2876,4606,0,616,6848,5370,1784,2282,4328,1694,5540,8386,4780,3060,6450,2708,412,1632,4068,2556,6986,7250,5800,4486,4668,2594,5756,5018,2988,732,5004,6132,2282,0,202,1502,1428,5350,2474,2054,0,2782,5722,0,0,6102,8058,2318,1652,2170,4912,224,128,0,424,2350,0,1970,1318,0,0,0,0,0,0,0,0,796,0,310,524,0,0,0,0,0,0,0,166,0,0,3966,0,448,232,0,408,0,0,0,0,0,0,170,0,0,0,178,1436,1300,1318,3830,86,1174,856,1004,1000,240,288,592,1196,1548,0,0,0,0,0,0,0,0,170,0
Dipeptide_Trp-Glu_333.1336,392,0,7872,7076,1462,1124,324,4846,5332,1574,4084,10990,11016,4848,754,4660,4598,3208,7896,9600,894,8976,3894,1978,1354,1198,1176,3042,4228,6248,4148,1502,762,1860,6600,1628,510,6484,3214,1770,1944,6880,1938,1198,618,5580,776,2790,1968,2136,1244,2428,8798,1354,17228,4460,8188,3776,2422,1262,3486,2188,3460,1662,2720,11736,4372,3408,452,0,2460,1254,10552,1352,1112,17302,0,176,1716,1872,8046,1706,1354,14688,2242,2908,1270,2302,1572,9888,12554,3904,7132,8002,11630,10210,6390,3246,3932,8846,1444,0,2086,1376,3180,1116,2394,4554,4978,6884,7876,282,9852,2788,4244,2664,3494,798,23926,5946,18810,12888,6530,11422,10576,10212,3984,12834,11634,13658,7560,5150,1332,16612,368,304,1314,7452,398,3894,660,1706,3978,1600,1272,5530,8892,3242,876,1208,15210,1028,2748,1706
Dipeptide_Trp-Phe_351.1594,288,0,1144,8536,2592,0,388,3640,6800,0,6058,7608,3350,5002,424,2962,9870,2182,7614,6652,940,9526,10280,1286,580,824,4850,3980,1718,10576,22942,1578,0,1344,2108,6120,0,2414,1696,0,948,22032,370,0,562,10048,396,2042,510,3418,6012,2022,11366,582,34384,4980,7696,8026,542,3948,5210,1086,3078,1382,2168,3260,9650,1368,338,0,5126,4852,14340,1138,344,4600,4164,0,818,210,11062,1074,554,1248,2030,1014,1052,4494,0,636,33186,9724,14316,20760,16108,17762,15244,2620,2762,15992,1946,104,390,0,1598,582,0,7552,3308,4370,10330,312,17244,4502,1594,5370,11360,0,56156,13940,29472,22694,4522,3942,13802,9622,2890,13420,28410,14276,12472,7460,0,19066,0,0,2170,1766,354,6940,0,1110,7414,0,0,6176,19188,1150,426,246,13242,0,0,0
Dipeptide_317.1744,0,0,27158,35670,6746,8938,598,14186,24612,1164,9250,24842,43388,7726,2222,13702,39552,7468,36678,31710,4584,97070,21722,3288,5720,3428,2938,16376,19302,91378,20816,5432,3328,2470,19026,2184,274,16986,7286,3408,4928,34272,8012,2710,0,21604,1304,6810,5782,11314,27168,6326,43868,4162,131764,20000,58044,33238,4230,14054,18676,18362,9270,3328,6994,43706,23324,7284,0,352,10600,3930,67368,2512,3122,57474,38402,1182,3846,13572,55138,4478,3900,14002,4100,6284,4490,6708,0,15622,75038,7818,22570,33568,29800,32430,9826,7854,6876,47006,4482,138,0,0,8064,310,4590,22708,11624,13642,28980,0,40704,9408,8062,11626,20340,544,105514,32702,71912,41276,14700,21538,19728,49320,8388,48628,45444,37844,35918,25370,1644,63760,226,608,3702,18620,0,21724,758,3448,18342,3098,1200,24150,32376,4498,0,0,10632,0,670,946
Dipeptide_317.1746,1850,2118,11114,72528,6222,6854,1252,13866,24160,5714,8548,26082,41534,9182,3634,18808,26736,14264,33814,40350,4280,68380,13630,0,7638,4030,17342,12262,0,60678,39524,2314,4214,5920,15628,8956,1376,21092,11862,0,6766,40842,550,4994,1070,303666,1506,13090,16546,14884,27348,8306,61884,4932,196640,31504,49796,0,5412,11864,32528,0,0,2182,24122,51078,26438,0,4174,2812,8050,0,51478,4190,5386,65876,44226,1338,0,26934,55376,12202,0,39420,15192,18072,12626,12834,1826,30732,74482,0,32816,39442,45798,40978,35184,29284,38490,43256,5330,716,0,9402,9626,9032,18730,31616,11838,0,67328,1222,54454,8440,27534,11070,18298,682,179820,33614,81784,0,46554,41884,48684,28326,0,74024,55090,52406,25988,22540,9002,41294,2544,0,10492,0,844,0,2396,6296,131254,4940,5236,19712,50906,0,0,7218,60504,1338,2108,3874
Lipids: phosphocholine_sn-Glycero-3-phosphocholine_257.103,1166888,982110,1625776,2261066,2072162,1171568,1310048,2257234,2286644,2028106,3421202,2725928,3559374,2556428,2104672,3085986,779912,2288446,4306628,4112122,1596596,3173416,2335514,1695722,2989072,1899542,2226836,2383122,2583450,3600112,3056882,1189868,1063646,1504044,2146556,2841596,160512,3587584,3233576,2459054,2523092,1607166,941070,421266,248634,1475584,668264,2623704,1622204,1875176,2604078,2770766,3844762,1346092,3628266,3091862,3691080,1907252,1419532,1115800,760324,1464826,1512556,577768,1858596,3322740,3124994,2036190,1713616,514192,1758156,1868012,2735468,1747870,823520,2688338,1983764,127148,315610,2038680,1924854,1770558,1929748,2674024,2046110,2108040,2449078,2615716,1384262,1154824,971204,541882,1117682,1503300,1337092,2006252,851994,1139036,371148,546834,454620,118014,956344,304860,659812,557078,445416,1134662,506554,1178060,2027632,156084,2205398,901306,949278,754090,913400,447876,2078760,2119118,2389036,1326406,512830,1283826,1073454,555918,767056,2358584,1819548,1877328,534942,1175578,669792,1601226,235330,316186,825928,1445578,492266,1277398,304078,674242,1058150,311848,430486,766534,2330094,807280,309252,580210,1432982,503890,803450,625308
Lipids: phosphocholine_259.0466,79726,92318,62746,44458,36902,103258,83916,74178,74748,76422,94170,44808,85494,73958,68758,70816,31208,53344,92194,111534,74076,97680,92854,62662,137394,71150,22918,84600,132720,90906,57104,20704,87466,94464,102462,29834,13460,73478,34072,47298,75836,51890,25842,14652,11694,20158,32938,99884,53800,77786,67662,174176,89604,91968,158246,48150,105962,37356,36936,46232,15416,67112,24306,19608,18378,144624,100352,48048,67616,13398,80978,52042,58490,17784,52530,82408,66892,10706,14816,68798,49006,54736,55312,107224,38816,33196,48844,47064,130296,71110,18542,36352,24146,57090,84754,40004,60372,39698,27294,19204,45604,2942,42984,13634,21520,37678,41096,17162,8764,16304,54854,7930,32278,14818,37394,8226,14184,40128,24008,16074,58148,51958,39536,58138,102772,31916,100022,81768,90792,47502,11118,75034,33482,30104,20488,10762,16542,51718,57774,59794,17264,13730,44604,12666,23252,18568,49482,35628,11560,32112,66340,32606,65986,31232
Lipids: phosphocholine_285.1408,2722,1708,5782,4398,2708,2134,1212,3618,22998,3776,2196,10816,8388,6912,2874,4102,6648,0,2966,4808,3004,11236,3174,2352,3852,2302,1672,7064,5234,0,8644,2124,1824,2950,2820,4018,788,4054,5186,4682,2872,2354,4514,1966,1008,2062,790,3202,4130,0,0,15148,22570,2320,4772,238052,26536,351870,2124,0,2130,6026,1622,1400,2896,4648,9314,0,4930,2788,2056,3378,6646,2062,3642,3010,17278,1926,4270,63962,5436,4302,3168,7464,5872,8150,5170,2030,2246,3414,32366,8508,0,4236,6094,3510,0,0,0,5602,1272,868,1820,2148,2234,1700,1638,2564,2738,4298,43190,794,18010,5444,6606,1640,2022,1542,3326,4840,7970,4422,4422,5668,0,0,3720,6486,5502,5942,1846,1860,1534,2818,0,0,1360,1962,900,956,0,0,2206,904,1534,3204,2966,1758,1418,1830,2820,0,1546,1242
"AA, dipeptide_Leucine Enkephalin_335.1852",0,10696,12620,12134,6064,12618,7780,5110,9018,13386,5968,50094,23766,6496,7206,15940,27898,12304,16770,14628,4212,1980,8998,7674,0,5450,4558,10702,8166,9002,0,5436,7486,4074,12960,8736,1038,19432,28242,7850,8526,10796,7588,3438,1004,8742,1130,7686,0,10778,13652,6214,19362,12058,46716,10856,0,14800,5020,8448,13234,13122,6532,2388,9118,18268,7516,9976,3552,7758,0,3584,10904,3058,5828,944,9658,1762,6436,9574,14994,9212,0,7392,7950,0,9664,0,0,0,20232,13936,15328,13832,25986,13862,13678,0,0,13526,4668,966,8484,0,12644,0,11996,20248,18214,20060,18620,924,28684,4570,12920,6864,10598,12180,30430,19324,41894,29156,23950,30770,18148,37966,14864,43988,39754,26256,9588,13974,0,18232,1406,2448,0,0,6504,0,986,2382,6822,2584,2822,15426,11128,4298,2594,0,17260,1998,0,2572
"AA, dipeptide_Ser-Phe_242.1275",2168,1462,17522,15756,5570,4176,816,6658,10508,43950,5096,71448,43990,10568,2026,22232,21142,10852,23044,41670,2750,129222,6400,1400,7094,2458,3126,4390,20012,46258,29636,4198,1384,4992,11682,9004,456,21164,14184,1956,2398,1906,4480,4224,1314,5478,558,2654,5178,4784,18652,5100,17822,5036,28000,6612,10638,8642,2462,7486,2742,19884,4356,2314,9186,32830,35638,3804,14980,742,4756,3706,49534,1800,4788,172632,32712,2966,2648,0,26032,5660,3484,72454,27966,23370,15200,9338,14152,11100,20668,21016,18164,13028,36890,0,20190,9548,14426,11228,998,454,2046,1736,1488,1246,1598,16142,7000,2152,12508,702,14038,2014,12050,2278,2130,2258,9404,17214,20696,18726,14160,19420,14396,13574,8016,17860,25090,13760,3598,4862,3808,21106,680,1048,1150,3918,828,5086,1134,1664,9690,1772,1476,14112,10912,1934,558,1504,12034,664,2874,1410
"AA, dipeptide_Ser-Phe_252.1092",496,0,682,52504,27696,0,0,23282,81102,0,70654,2678,6468,32946,796,42794,18264,30526,156012,68118,24310,2024,48708,12230,14730,8386,0,19490,2526,43304,4272,9568,168,15590,5736,2888,0,1834,1832,8322,14142,86240,11294,23372,708,94178,12902,27558,15732,44306,65228,54900,66126,4306,347912,59518,64934,123616,22394,29374,70116,3364,57772,11724,35108,62038,2056,14826,0,1128,28156,16884,50278,17034,17580,25474,51778,8782,12822,32002,128866,12140,17484,0,5128,43520,10246,3834,350,920,124010,6382,19108,77886,5316,50456,6110,13550,2384,93414,24894,0,0,202,20718,974,3064,74472,20736,22972,56582,0,85678,85018,1100,23456,76032,1182,92522,42134,110984,81250,9690,7322,7580,70988,17168,66488,96914,40726,87840,63462,6756,58828,0,0,24406,8264,0,29544,902,13260,36964,14528,856,61272,43328,1474,0,0,2122,0,0,0
"AA, dipeptide_alpha.-L-Asp-L-Phe_280.0892",0,0,1712,47948,25924,0,584,10588,21894,0,6442,0,5982,4392,0,29826,8528,8882,29706,19160,8340,22696,8972,20376,9368,20666,25976,16206,6594,16392,2296,3512,0,8580,5318,2688,536,4882,6570,4012,1986,25776,9418,4546,936,15232,7230,9448,3312,2512,3894,10286,30242,5626,54096,19304,14072,14872,4904,1786,26446,3140,24662,9632,8172,15656,1348,11238,0,0,16400,5370,14928,7762,6872,7434,5550,7968,12026,8914,18358,2074,20910,2656,7880,17688,5814,9278,0,1134,111702,27470,59130,67772,52856,93632,34002,42214,23182,108750,11464,204,150,570,4732,0,4208,15232,17762,41012,52794,106,87988,22120,1068,5342,14346,0,43362,4296,279454,131600,33914,109054,41712,118398,32588,138514,84896,122190,18824,9622,566,16738,0,0,15372,2600,0,10538,0,2104,5176,3112,838,16648,31494,3802,0,0,1734,0,0,444
"AA, dipeptide_Tyr-Ile_294.1589",1212,1386,11360,51630,6882,11972,1086,12472,24134,664,13486,31960,42464,9714,3964,26626,34572,17132,52170,55158,0,83018,17226,0,11508,5386,11370,16494,33502,72316,38672,4474,5098,0,18712,6472,652,28572,11772,7772,9352,67824,14660,5356,764,69056,1828,15290,9424,15942,34148,12142,65048,0,172560,34968,51616,41958,7418,21000,48766,14160,40316,1510,20732,45264,22046,10740,584,1702,11890,9008,39376,4226,8462,32972,30740,1654,5330,21676,59316,13386,0,14372,13688,13036,12014,12008,1362,17444,90454,19756,26466,39032,33264,33560,21594,17060,18502,43426,8582,452,3168,5128,8664,4968,7474,32442,12910,12832,58692,456,42662,14438,25744,11816,20710,606,148868,23088,79338,65310,27064,28934,34234,35356,22786,62684,57774,52166,28006,18058,5004,46820,2146,458,14462,28524,494,29764,402,0,30014,5806,5652,29504,38266,12514,2694,2548,32178,732,1756,2078
"AA, dipeptide_Gly-Tyr_238.0971",7846,7278,34818,136804,50008,15912,18170,59036,51304,7706,58968,110946,144628,46792,38190,123204,61508,67098,134170,133536,21744,100246,74746,35854,31182,25792,52228,67500,44716,94120,56806,24194,18620,32626,48082,45992,12706,58386,68152,39198,26944,310748,36880,39662,13444,111396,12318,41270,32752,43050,174370,45494,122196,46544,336534,113234,126868,101814,68104,29864,218938,37188,83492,20820,42260,82840,43190,23596,11580,10440,22282,25334,64714,18828,16108,50570,49456,12116,27592,40888,166976,42700,21474,16962,48308,59280,52958,29292,6228,68122,157998,39656,61452,71706,91160,78694,71758,40974,47962,107132,41480,4776,26502,34278,30858,30440,29180,50728,54796,68102,81388,15182,87248,43534,47504,40252,58240,5562,139486,44212,77078,167256,40234,38482,58172,70322,33704,60790,154734,67200,80522,79376,53470,100230,14442,9782,41340,62310,20302,42128,17566,38380,61092,25114,37744,94334,52906,28016,44616,33826,50096,17360,27962,30954
"AA, dipeptide_alpha.-L-Glu-L-Tyr_310.1186",0,0,8840,40318,2096,0,0,10172,31018,4858,20928,34892,32088,19614,4452,22858,1500,13826,34070,55490,2134,22550,13054,0,4572,2080,14824,10466,3588,2314,5178,0,1952,3028,4170,4842,500,21834,10760,4990,2132,54076,5852,7502,1198,73342,3286,9248,3930,5730,13622,17756,46316,2584,53246,39958,41634,29932,5008,3118,37672,2614,35824,2758,20004,26628,17050,2578,5062,0,8360,5952,27890,5314,3198,7430,14818,1054,3754,3648,34950,4864,1302,0,18690,19136,8134,4226,5142,11056,81896,14866,19600,28792,17764,31158,14060,12658,6564,51980,6770,0,3576,3914,6434,2854,4974,17180,8980,24636,32586,4490,28054,10714,17026,17868,20868,2026,87540,26778,31550,52688,17282,14630,10718,21102,11202,17286,35464,23288,22302,19382,3466,36376,868,0,8248,8898,0,13150,2504,12220,19828,5028,4324,19880,19018,6168,2768,7160,1320,4028,11954,5350
"AA, dipeptide_Phe-Phe_312.148",0,0,3690,28670,11816,2098,310,15746,31734,0,14196,6276,22156,8640,7984,25872,37390,11848,36604,37916,9094,37630,18408,8284,11510,6578,5432,15116,5544,32472,41248,4304,4366,5034,15712,4356,560,20418,12580,8612,8062,54744,4908,3038,334,42828,1248,15968,7960,17736,29390,12706,45890,2982,90830,20310,20730,37656,4196,49304,20888,6178,13572,4022,12370,12900,13356,13836,0,986,16268,7124,37624,3802,7962,5762,27048,2122,7786,40686,34468,6902,7044,3010,9792,12010,11270,11164,1528,3420,152364,24316,26346,59178,45202,40348,27208,18470,25676,79046,6248,0,0,832,10624,0,2708,31944,11530,20834,77790,214,58932,27034,6176,13610,28492,0,213282,26626,86162,78208,30400,39108,37380,40664,23080,70274,88312,54258,46674,28926,1118,83976,560,0,8408,11866,0,29534,572,2894,20882,5640,1232,26648,66896,11108,1104,644,4064,0,620,0
"AA, dipeptide_PyroGlu-Tyr_292.1069",1242,860,6088,5436,2154,1364,656,2084,4062,11738,2778,13546,13702,4164,850,7266,6340,4162,7474,12200,900,21104,2836,736,2074,958,1734,2338,4736,13930,6296,1522,668,1044,2398,3320,172,3890,4926,952,874,2540,1314,1502,276,3484,344,1542,3508,2496,17044,1876,7984,3336,14848,2920,13204,2582,6518,3476,8696,5854,4034,1202,6316,11836,8402,1160,7836,0,1670,1224,9824,578,1438,20830,4416,1016,1730,3058,9358,1888,906,5682,9570,12646,8336,3358,6358,6174,4414,3416,3480,2876,5288,5100,3616,2350,2782,3346,3074,228,1502,720,832,2158,890,5378,2940,2682,2766,0,6496,1186,2066,1380,4046,624,3008,4196,4384,3492,3404,3630,2536,3856,1808,3454,4494,2978,1526,7882,1464,3996,0,384,480,1480,386,2288,370,1018,2388,762,0,2440,1922,652,272,0,1736,528,0,0
"AA, dipeptide_Phe-Leu_278.1636",3002,2014,46176,106704,36404,31744,2336,52808,115852,2950,84402,171804,214812,32786,27472,99686,112872,69770,203518,169280,31522,434204,102176,32662,62704,22602,26958,83712,102240,297114,175942,27858,25618,18240,153686,19966,1124,92916,60888,34568,27172,225724,58986,14076,1376,163382,5864,58810,24622,63266,150508,51142,165324,14378,467974,98578,153206,116152,20328,97778,83270,78966,0,11162,71492,208486,102838,71124,2310,3042,35404,31240,233518,17828,24762,292254,165772,4990,19636,87184,202870,35420,34074,63928,45932,43252,49196,55784,1758,71064,336134,59792,97144,134800,141468,126674,71998,47358,48114,168818,16050,344,3376,3884,38172,2828,22718,80044,51634,79184,282016,646,138308,75502,43068,59570,108006,1760,701178,136240,257130,267930,101488,118514,124172,147186,74324,228768,255012,187786,183636,100388,6708,240926,2006,1072,21712,122056,1360,87616,1822,24402,85612,14962,8182,86630,170974,36726,3882,2398,45740,1254,2164,2296
"AA, dipeptide_N-L-Leucyl-L-leucine_244.1794",1352,658,32914,51236,10730,10662,1460,20616,33914,6258,21566,146178,160078,27474,4858,53746,58912,19456,96362,125124,7292,220872,26478,7492,16032,6116,14106,27778,55700,140870,51724,6774,3898,4912,29738,10202,612,22836,28210,6240,11326,28972,23636,7742,514,84466,926,17722,14378,20396,39354,14604,83356,9588,134292,27798,90708,31062,9990,10068,19694,29788,27304,2860,33796,93990,49936,8162,1792,1110,14136,6172,109996,4344,5614,157984,72004,3138,7080,27586,99590,12838,5898,72574,21616,24764,13950,27800,1718,81378,151282,15176,44594,44218,59638,39142,19982,18818,14404,72662,3658,292,4598,2598,13402,3090,10626,25180,20274,18862,100492,378,58182,13686,44528,15930,19672,1224,122582,44398,80416,60118,26070,34888,30356,60856,19138,73894,67838,52206,32696,19074,4526,93680,388,522,7688,27172,702,22824,516,9084,23430,2714,3200,83766,73940,10864,1628,1690,46772,2560,0,2906
"AA, dipeptide_L-phenylalanine_165.0794",273638,226534,642154,288504,341442,260978,167438,301856,377094,622532,524366,1064306,661776,543548,357512,499726,347966,429470,812696,503086,253646,472240,361524,269170,285046,153706,286584,335942,326828,494388,708544,171424,172418,209992,402944,614838,172720,537128,1013338,189374,306130,243344,306460,327442,162278,386584,186644,263746,207180,292048,431180,316244,392450,172398,1147736,301794,428520,534904,239600,221972,0,213582,254666,171038,287260,514630,647456,202054,440850,166144,316054,130824,444386,270336,213382,463270,627810,74332,155456,353172,699080,264026,186164,744510,372660,388486,447222,335178,507462,282946,846086,1294346,910336,950626,1832770,797350,1091946,934474,1225418,908938,223504,135694,246822,257108,383942,165684,251012,436394,521284,286202,457380,241116,990094,360570,415434,181416,343456,294352,338826,457738,1020248,718142,1403922,1193488,628342,1223580,572270,1144494,1107082,701282,458928,538848,304846,1102932,126640,336860,161388,503538,211166,229818,102534,158344,285328,259772,304414,680330,882312,378994,265020,444156,849980,206050,551344,537890
"AA, dipeptide_Gamma-Glutamyltyrosine_310.1173",16986,30746,41132,14788,6384,14664,18820,6406,7032,55084,15128,91468,31712,7930,7134,11388,18684,15488,14958,15346,7292,66684,4756,7802,11080,5492,4450,13358,19450,31746,20170,6300,9390,5590,15318,8388,3640,20976,16558,5280,8636,3962,7928,7850,2246,3722,3514,4402,3988,4976,16488,6138,21388,13414,16518,10202,11524,12034,4896,11824,2196,44446,352,4090,6484,40284,32088,3352,16434,5202,5618,4566,25282,6124,5424,81908,27162,5566,10068,11654,11378,6952,5558,50262,8928,7366,9370,10494,22762,31436,8502,6996,13008,3554,18114,10592,13632,9384,10638,11522,684,392,5028,1180,2870,2814,1808,4082,5052,3074,15324,2000,5762,1354,13950,1318,2334,3504,5916,6296,16844,2938,4740,10306,13470,5986,3822,21768,9378,22508,3838,3638,1392,20760,732,1208,1032,4360,1038,8184,870,1302,8886,1852,3036,4586,10944,16646,2428,13930,38488,2088,9716,5992
"AA, dipeptide_DL-Phenylalanine_330.1598",3676,6046,11326,21014,8236,0,6710,15358,9070,8610,15992,44034,32598,11960,7236,36382,21646,24978,35350,43500,5238,28248,0,10774,7234,6782,0,17286,16060,17912,21774,13050,0,11720,19916,18960,2428,40252,32384,14404,9410,10194,26300,8914,3116,32200,3062,12584,10818,0,0,8940,33788,12908,31522,13868,29876,14860,6734,8736,10162,13734,13550,0,18288,27176,15892,4720,6484,1450,14638,9148,35676,6440,0,25942,13430,2678,14804,15648,19212,8306,3054,10208,14734,8176,10516,0,7064,14478,60124,56210,59240,42158,78280,39450,51900,35598,55276,36384,4422,2308,23152,13970,10010,10338,20736,11494,16928,18168,19722,3754,36504,0,12164,7826,6162,13462,26538,24792,33526,43046,60140,49422,40822,47570,37070,41740,41310,34658,13244,11878,4792,29354,4618,5604,13864,17660,18992,19042,7574,16612,24236,8108,14206,24820,21726,11332,14232,10682,22996,14692,15104,12708
"AA, dipeptide_Gly-Leu_188.1169",17866,10892,96526,116194,35808,27038,14936,56328,61050,124722,52590,252754,213576,115880,39590,169178,70948,88446,176750,183300,23980,165458,57932,33498,33014,17970,49164,58586,69492,126034,119922,24520,11710,36310,97166,70488,8102,107204,116296,41256,28346,79920,48766,41802,5266,100502,14216,41254,28420,47580,95756,58450,137200,38020,184670,73222,104384,63280,45022,24666,55698,64584,50518,15766,64306,189744,80420,23134,31732,14838,27396,29576,175384,37278,28740,189508,117926,10798,25510,71082,86320,38472,22554,134696,62626,67794,50592,45230,10510,76796,213742,39892,103786,87604,130092,77486,69874,64472,45956,150678,17858,3972,43526,42810,43702,32234,28334,65188,70604,57296,144888,3236,92260,50662,90572,43838,43586,35902,100864,114090,86666,101818,67546,62240,56228,110412,39070,59308,105766,71174,63804,46418,62738,121164,7726,26352,46608,62962,35364,59296,10586,28268,62136,11408,26238,174602,82854,37354,0,25632,105428,11472,23272,16818
"AA, dipeptide_Gly-Phe_222.1019",1738,1176,18342,46532,17158,4708,1536,18746,37004,2406,40416,61156,89080,54468,5834,52520,30560,39206,90896,88916,10824,57392,27158,12520,11784,7462,15894,19360,22072,47550,30776,10868,5552,12772,25996,22120,2426,28108,51304,11278,12650,44580,13872,10278,2342,33506,8830,17962,13794,20044,29474,19792,55536,9754,157172,41262,59914,45230,19124,15356,49414,15184,16888,7222,17622,55526,27132,10920,3980,2118,15536,9824,62408,12954,7088,51114,30366,4136,10650,24012,93386,13524,8182,20648,24986,23982,40002,12784,0,22374,130716,23982,49718,56578,52422,49574,32184,24564,23932,91356,15430,0,4702,5896,12572,3768,10744,33472,28906,25858,50238,220,55558,31908,14946,17978,34844,712,88540,34656,68252,99390,26462,29154,27392,64476,19740,48392,76874,37480,69038,26242,13704,84794,1168,510,21284,22534,760,20452,2782,16212,24976,7212,10196,64566,34010,10752,3584,2568,21120,1314,2390,2406
"AA, dipeptide_L-Tyrosine_181.0744",401986,271954,815264,874746,383216,344298,300442,512814,333270,1036196,691040,1457890,1042802,560200,570638,811068,846508,862080,874494,1210698,463538,1419896,471796,469604,347166,447070,291514,756384,741672,1100194,777054,479158,351620,411030,791384,447806,245828,1130326,1003550,343032,537288,668988,718984,469672,263954,247674,257962,468798,485640,411960,757874,455056,1179800,501334,1199324,701588,1060976,605214,506774,503780,597410,411764,402684,410808,461156,1022776,725772,286182,516752,265978,575340,319850,1169998,408056,389130,1413834,633498,187004,501556,794698,967704,485484,317422,1096986,609144,460550,476528,408726,468552,655932,908936,1494704,1560862,1019426,1669630,1328866,1557070,1234472,1271812,1074370,326506,291454,671268,599478,603574,560516,740794,799590,937096,766256,582510,436774,1020976,436642,520690,386660,434924,740166,964496,793368,620234,1677044,1641078,1394738,1251810,1202698,1183712,854100,1121316,1203608,406710,746108,541110,1013412,244556,432348,523548,768680,530058,819456,428860,633640,1057286,286764,581152,680372,667462,613648,629302,579286,1027246,596624,671558,837300
"AA, dipeptide_236.1171",1604,702,16094,49732,7962,6592,1242,16310,30562,888,30078,36742,39390,22682,3246,39442,28484,18970,79686,67642,5402,41298,18386,5914,7700,4212,29692,13970,11912,29792,29726,6454,3908,7364,16944,8534,1004,19010,13884,7146,9444,51540,13018,9860,330,227420,2942,13394,9768,18616,41198,16424,59524,6688,155030,38598,65806,51592,10610,18378,70564,13830,85432,5966,29730,41232,19044,10018,2618,1282,12494,11234,46940,6370,6644,30436,28940,2938,6082,23356,69106,8842,6260,7124,14008,16864,15548,6688,1544,14460,151638,15938,31488,52024,30666,47660,19888,18528,18040,79540,10672,650,2546,2402,0,1638,5314,26678,11752,20768,54280,388,52420,27264,9692,17084,24954,1062,101920,29062,70230,77260,20498,21560,25580,46240,13908,40384,63840,38122,39868,28408,6438,65014,944,1070,12196,21838,2086,22626,1288,11264,33540,6502,2704,42764,25426,10012,3390,1920,13930,1154,2018,1408
"AA, dipeptide_248.1215",2302,1770,27336,143502,19338,13056,2574,40586,86696,4528,27596,44176,52996,27352,5380,67646,66724,24068,108748,116184,14870,130092,33060,21682,22266,11464,64532,40960,42176,132252,71956,6470,5770,14554,49296,16752,1206,26572,25320,0,14326,97280,27912,25694,1476,378222,5996,38934,22886,26762,0,30920,170600,13554,217086,121834,160376,113528,21812,37548,106620,27968,159722,6550,112920,108324,46260,18172,0,594,30968,20586,135584,19830,12252,132288,0,5134,12496,40648,105264,17468,9072,32592,44986,36342,22468,17146,3554,29318,273876,27002,66118,60752,47296,82368,30806,29492,24166,119584,17886,0,4992,0,19868,3148,20290,83552,35540,37262,138970,0,79582,33574,28362,44656,50326,680,266308,75762,146334,106514,36292,50582,56156,75810,36590,92414,92682,0,87086,35836,8594,89952,1096,966,31728,49002,0,86134,2718,31664,93082,14602,0,45726,76322,16280,2812,4974,0,2866,7012,4840
"AA, dipeptide_252.1139",6310,5956,30636,341896,41202,19572,10350,77718,66084,3184,56914,55978,94346,34182,11600,74614,43266,41494,85432,106942,10172,114598,71324,16640,23278,25556,86782,65080,26746,103518,56948,18240,9486,24500,32272,26920,3478,38708,32948,0,17896,440726,25424,29324,2250,453246,6234,33266,32338,47914,587168,40702,190526,79490,759564,328450,360030,171190,238366,43426,524362,30954,225904,11674,81256,69470,32316,15856,26898,0,38142,26134,68614,18130,11208,77868,51902,8966,17182,55552,390196,28700,13690,0,28564,41316,29900,20440,2246,79766,154048,20324,31272,60982,38184,62988,25040,32720,30526,118588,40730,3116,16846,15158,22206,46184,0,120658,32494,133616,71006,3662,109466,31478,41674,36460,147250,6108,283170,35928,81484,438624,0,46468,45054,52854,20804,57648,286176,56028,78370,255838,23704,89118,10166,9646,42660,0,13602,122126,22620,74050,220276,15694,17998,54350,41632,19462,10490,11984,28744,8086,8300,9386
"AA, dipeptide_264.147",754,602,7026,24056,5100,3758,568,8588,8114,1056,2780,8464,34584,3916,2016,14234,44718,6108,4266,30906,2822,91610,8554,0,6550,3374,1474,13680,9008,57476,27776,3854,2362,2208,25390,2328,252,28772,5164,3190,2094,14860,6264,1776,340,12864,552,4636,2480,3562,0,4896,71110,3520,28202,6298,6686,6384,2338,7364,3172,9224,2710,1042,0,31388,13184,4568,496,436,7568,3460,71726,2016,2004,87560,17010,596,2842,14240,29794,2564,3334,5310,0,0,5106,10306,756,9934,33610,5358,6710,10860,13454,8096,0,3216,3778,0,1400,0,0,0,2590,696,1030,4246,3258,4546,31474,0,11624,2918,2844,3454,10324,404,6032,17128,31114,25600,6522,12856,14302,10700,8522,26260,17304,0,17242,13960,618,34948,496,408,2610,13960,438,13072,214,1214,10588,1176,782,8846,47226,2698,618,450,3614,442,594,0
"AA, dipeptide_266.1277",688,838,4190,28924,4398,2568,830,7706,18144,440,0,2868,9440,6434,946,14868,11408,7712,36988,28412,2550,22818,8416,0,3926,2696,9140,6890,5448,16586,14112,3948,2052,3864,7360,2376,374,0,4248,3740,3818,27532,4170,3040,298,82440,1208,8820,3500,6348,13636,7726,33398,776,71792,26478,23038,42084,4932,0,38614,0,36054,3162,15264,15430,7218,4444,374,402,10196,5748,24834,2548,3674,15212,11636,1438,3622,0,30706,3844,2462,3896,8770,8070,6278,3412,506,2366,90692,9960,20230,41916,20204,34632,13216,10358,10714,47804,6252,0,828,494,3792,294,934,19076,9488,13314,26266,0,31950,12178,2482,9822,13430,316,90168,13104,44746,60556,11888,0,18250,24476,8178,23874,52300,26764,32958,13214,904,44624,226,0,7506,5428,670,15718,0,5964,18242,3408,302,16434,14848,3584,492,534,3570,0,626,600
"AA, dipeptide_293.1386",14096,4140,3284,2304,2588,2492,4656,1764,8768,13532,4068,43852,25814,6614,7438,25330,32288,35324,15602,14480,5198,608,5734,19010,21090,17564,7642,5776,5166,1024,32550,8726,2584,13028,9300,11082,806,21982,13682,12244,6532,8552,13026,3926,586,3962,2414,12482,9604,10540,15040,23264,8358,11336,2976,21266,14930,24476,4658,12934,15682,12506,0,8110,0,5700,2776,31584,10938,12940,2084,6806,1236,8448,16186,658,6044,1072,14744,29466,5054,27136,20712,766,10130,8580,9484,9340,4542,16600,32200,21080,22152,13520,47490,24474,37456,22562,23820,18270,6194,62,10178,18272,7046,5914,12908,20880,10810,21784,34130,336,18818,6796,13088,8382,4970,7604,25038,13916,22004,35038,39918,33492,25342,15506,29868,29298,43046,25638,25272,6612,2796,28132,1528,1686,10180,16710,7594,926,1100,2828,0,2056,4218,9726,4104,7606,272,3614,2750,990,1268,1794
"AA, dipeptide_309.1363",784,1148,10846,24146,2968,3808,2752,5414,4132,0,7280,6656,8236,4140,1398,9910,5126,5074,17376,16010,1738,0,12640,3206,3386,5718,8900,7510,0,16088,0,3964,1802,3282,17000,1898,950,8306,4202,3254,5616,36532,0,4916,704,71282,736,6770,4270,5616,15994,1470,7058,4400,80160,19836,26770,4206,8730,5886,60212,4530,29994,3578,14660,20334,8742,2564,5236,890,1592,3262,4452,2696,3352,0,5026,942,1604,3528,38006,3870,3478,8032,6012,5856,2110,4064,3808,6056,31518,3650,0,11786,4264,10872,2864,3234,3754,31318,7442,1136,5578,3178,4768,7894,4310,36858,12548,15232,6968,970,7602,5920,5266,9154,25984,3254,54800,4382,23330,57760,7062,13018,8266,6644,5888,15154,49726,16564,2878,21962,2904,20746,1126,1658,6806,10684,3728,12436,2016,8430,9378,826,2646,5448,12278,3160,1420,2346,11076,1106,3992,0
"AA, dipeptide_329.1937",2982,910,4386,6364,8994,5598,1396,9498,12452,8244,4944,20426,9504,2128,4256,3162,9292,5410,12862,1898,4998,15976,8546,6262,8828,3226,3556,7012,11224,26042,21638,1698,2478,2096,15600,678,1138,5668,16288,2616,4068,4614,1860,2616,1266,6738,1484,4126,1766,11352,21996,3954,3284,1958,26300,8414,8510,8400,4058,1554,2726,4040,4934,690,12420,25358,22076,3364,19898,2190,8400,4380,12832,0,7610,15616,16958,400,1154,7900,18480,5266,2758,41248,7204,7218,9080,5754,8410,7844,6070,14360,6562,12080,20924,7868,7648,10952,12460,7646,1646,578,3084,0,7352,6098,4556,9504,7188,3360,5406,836,21638,3386,10684,4602,1506,2386,4242,17778,27792,9526,16938,19250,4842,21540,4094,25142,23298,11168,9210,8032,3818,12656,682,4074,792,4772,1042,9098,578,2616,5582,1850,2030,6664,29814,34904,1824,25654,98840,1194,45796,8116
"AA, dipeptide_331.2093",6564,2794,45108,27512,14014,26264,2696,13140,30330,46616,17002,62628,58922,42046,7298,40036,16174,17036,62488,62922,7906,60160,21782,6008,9694,5102,12716,16794,23314,43760,42446,8378,2270,8488,24342,27150,2202,22802,52704,9718,9338,17466,8140,20546,1860,11958,3078,14696,7428,20824,35156,20934,60662,5302,63710,15996,62260,21252,7482,7624,8162,13310,5560,2830,6048,27080,50438,4808,28544,4484,13858,0,94528,12412,6922,32208,62942,892,3640,13430,60338,13224,4904,75984,14148,21652,18530,28650,6386,26456,33894,24122,32346,33078,56280,43472,31850,24820,20532,21720,8314,1582,11142,8914,15714,6910,13686,24286,31304,14118,33804,1256,64530,13408,29090,11436,18630,8846,40578,44312,94720,36624,33086,43772,49306,53010,23430,85786,50078,34434,30008,25060,9144,90968,2152,12760,7702,20496,7386,15148,3006,10318,14150,5856,6620,32262,66126,16442,4208,13530,61282,5968,21500,13376
"AA, dipeptide_336.1452",3532,1398,2540,1144,5270,1060,1724,1016,3016,3034,2402,5838,1964,4898,2196,4234,6564,3442,7904,1766,4246,4020,6170,13622,6754,3642,3932,4114,4622,1846,13278,2090,336,4834,7942,8252,2054,10602,11198,8484,2550,3972,9016,3730,2852,0,3972,3764,5106,5344,7684,4748,7134,2296,14846,3120,4918,5296,756,1768,4400,4458,3036,564,3222,10046,10656,3466,5542,2302,2604,1994,4100,4270,4064,5056,7268,596,3402,5854,12952,8246,2638,7632,3798,4036,5082,2970,9230,6860,11648,26600,18072,21226,39210,17034,23772,16588,28144,10934,2744,656,434,8262,5426,2058,2610,10200,12548,6804,8642,1450,21820,4600,7152,3692,4598,2848,2902,7700,23556,14892,35872,39762,20488,22132,18050,28346,28704,18374,5168,5638,6178,0,808,2026,3416,9364,3832,588,1758,356,3722,4790,460,4790,12444,3430,2432,3782,6440,364,4010,4242
"AA, dipeptide_340.0718",8316,7474,11584,9694,10656,8466,8690,13386,12208,8530,16176,6766,13810,11628,10154,9750,3864,8680,12940,13012,10668,13420,13758,8346,15340,9786,6668,10328,12514,11612,6626,5468,7624,8808,10002,8404,2258,9848,9030,7894,12972,7770,3464,3662,2226,3614,4214,11996,7458,11402,10662,15102,14386,8042,13212,13266,17302,10624,9322,6634,4250,7530,4634,3518,3878,11400,12166,6508,6744,2728,13042,8594,10450,8848,5154,11342,10676,3692,3132,10432,7794,8470,7018,11104,6588,6218,6588,9028,9014,6432,0,2586,4720,9754,4628,7962,3496,4506,1880,2396,4196,1998,4862,2760,4370,4384,2972,7872,3310,5760,7160,2302,7790,5420,5694,3576,7464,5348,8178,6804,6572,5310,3124,4670,5776,3352,4744,8082,7332,6834,5582,8360,4276,7902,2638,2724,3982,6216,4202,7356,2850,3904,6772,2708,3596,4406,11120,6526,3006,4488,7462,3728,4822,3160
"AA, dipeptide_351.1126",14188,23330,37226,3530,6286,15516,14670,5496,8894,90200,8964,31358,41606,18566,22328,12554,15610,13422,18462,13600,8318,36812,7586,8396,11808,4852,7662,8378,18160,30006,15784,18006,11608,6984,43468,14716,8290,21090,38562,8864,15746,2936,10530,10842,5342,8138,22350,8348,8874,15440,17622,9792,9158,13178,14278,6304,8848,9440,6792,8926,2760,14288,3618,3894,8816,15366,38604,34998,47716,6042,8312,2788,14880,6740,8210,16302,27348,9424,8098,10064,6282,4392,11218,68386,4400,5740,9034,12422,32558,9462,1544,1042,816,0,1798,0,0,1688,966,0,652,2438,2618,880,1568,1238,1100,0,0,984,3596,1208,4308,1820,7342,1342,26478,10124,1784,9506,2128,3242,1816,1492,1444,1444,870,3250,1850,1704,1134,1498,6062,3718,1418,3158,754,7298,2180,1580,696,1192,1834,2742,736,0,2830,1308,770,1982,4026,1560,4862,2810
"AA, dipeptide_355.2119",11740,8370,0,1974,3136,10994,6032,1414,1072,37380,1570,28958,7532,1256,3962,5062,26312,6994,2740,7146,1416,4748,2578,1524,10634,3530,2460,3628,4380,6662,9736,4696,1924,2358,3360,2334,902,3518,4054,1542,1812,620,5642,4874,678,1392,858,1172,2650,3112,3136,1586,4096,3110,1478,0,1398,910,814,2062,500,15834,1528,3388,4576,4260,2952,6016,1028,7166,4322,2546,6302,1486,6874,0,4376,2716,5050,6790,3450,7872,5552,9676,2042,5238,4356,5870,2250,6648,986,2618,1260,1050,3716,990,2280,688,1766,270,2152,558,3178,2306,2024,3108,1842,4206,1882,2528,9296,170,3736,910,4980,636,3004,5106,1500,3336,2030,1742,1836,3288,2282,1148,2220,3326,6226,1790,276,1128,1644,1108,564,1018,1106,2196,1848,1070,848,454,980,1092,438,1832,1348,586,192,464,1406,332,454,792
"AA, dipeptide_358.2565",2400,2186,3746,7050,6720,2598,3260,2552,5980,6920,2528,4294,8112,4222,1696,8634,5034,3852,9532,11972,2166,4988,6116,3276,2660,3420,27404,4850,4468,4674,6000,6556,1108,3572,5192,5598,0,6936,5768,2684,4002,5266,6106,18968,0,149382,948,3126,2704,4248,5694,4778,10724,3458,8884,6920,14188,8802,4684,4984,8844,6394,56726,3198,26084,5040,3926,1952,1972,856,3312,1788,5330,3072,1582,288,2912,1748,2568,4774,9762,5868,1252,1450,3452,5114,4322,3306,6156,10824,11346,5588,6266,8218,7248,11616,7872,3342,5314,5938,4252,736,3478,3600,6616,4150,5502,12928,7964,8332,6318,0,9354,5830,4302,7092,9822,6338,10682,10434,12018,12374,7614,13152,7760,8876,7760,11262,10140,11070,7710,5662,1580,9272,882,3722,4320,5214,2744,3524,738,2170,5568,3452,2822,7490,2204,1622,1100,2290,1264,3042,1574,2660
Lipids: phosphocholine_Unknown (carbon number 26)_517.3167,0,528,610,1522,1216,1356,2180,846,828,822,1582,0,0,584,500,1378,1072,1118,306,806,1222,316,1144,3210,1136,4642,29944,1348,748,750,11926,72942,1886,1838,690,3942,68980,492,9474,17676,4978,0,21932,351942,349836,76966,69066,1034,2692,734,780,1258,324,1650,0,16308,330,152670,76116,10396,327758,288,276170,162488,13246,806,1644,770,2524,18174,1566,4672,0,507940,1814,586,566,98672,224882,3204,888,490,6774,504,72412,4628,6714,1044,414,0,232482,65306,0,4268,1222,123914,24924,195570,0,529340,26590,12190,1990,261156,98302,994,24502,0,325180,442940,534,35590,42060,59686,320,60934,4822,5372,1520,0,36262,62418,16866,124468,1496,80062,1264,26278,87476,196070,205098,1552,33816,6102,59466,29386,0,1372,1626,942,0,27856,416,166530,58916,406002,2498,23816,157356,39980,330,29988,19840,55458
Lipids: phosphocholine_1-Octadecyl-2-acetyl-sn-glycero-3-phosphocholine_551.3957,2850,1940,708,2686,1950,3680,3004,3296,4086,4856,4610,368,950,5558,4428,1978,1954,5586,1248,3920,9088,9652,10364,7798,9144,7230,13302,21006,7292,5484,67554,32184,23486,11278,38760,49498,1938,49532,149540,34256,4200,2036,3912,2870,2212,2070,3332,5828,6704,12524,79894,40754,20398,5468,1464,7630,0,6022,78064,6928,13848,3368,18320,9944,12868,21726,10600,15558,12730,4722,9158,11428,8156,10050,3936,13704,9254,3562,5424,0,4966,6912,7276,4082,11368,10536,8256,5212,3148,1300,3950,4254,0,0,0,0,4482,0,0,0,2664,0,5418,0,4052,2684,2806,5668,7380,0,9776,0,0,10468,2268,0,2594,4782,658,0,0,0,4418,7092,2882,0,0,0,0,10998,5076,1844,2754,5176,1824,2370,0,0,2444,2072,0,4132,1748,4492,798,4278,2374,1432,0,2068,720,620,286,758
Lipids: phosphocholine_HEPC_481.3175,0,968,0,0,1024,1182,1038,1012,1130,2612,0,0,0,0,1310,2104,1188,0,0,790,2212,928,0,0,3446,2420,6446,2276,0,0,10410,30838,1280,0,1730,0,24908,1354,0,0,3328,0,24608,103842,61754,26548,17524,0,1730,1860,1002,2472,0,812,0,5806,0,52418,4542,1310,255702,504,268378,123614,154922,0,0,2580,2434,14380,1374,1576,924,107538,1264,846,0,20794,79084,902,1066,2450,2086,0,43232,0,0,0,0,0,109862,19834,77020,1282,2404,0,0,100700,58988,154590,1332,7190,1044,59004,10082,1010,0,0,148364,76030,0,14242,5380,17152,0,18192,824,9052,2436,2246,4094,0,3344,41272,0,21088,0,4690,20190,74676,92146,802,3196,1300,14774,17014,114314,2828,1928,0,46046,7630,964,106528,13714,158974,2034,2430,46008,3460,510,10516,5594,9948
Lipids: phosphocholine_(2-{[3-(hexadecanoyloxy)-2-hydroxypropyl phosphonato]oxy}ethyl)trimethylazanium_495.3327,2962,2466,0,4496,11754,1566,5160,1860,3162,34748,10606,454,558,2716,25608,0,4290,0,4724,2772,8548,9690,8820,20900,4474,30046,89320,45676,1716,0,199776,230926,13818,25302,0,39526,0,48014,235320,58254,72040,62402,2430,0,0,0,0,29010,29830,13234,13578,22786,30684,5070,12028,0,5458,0,85414,12952,0,3608,1030514,0,0,40198,2066,0,18582,52458,10512,0,718,683498,8356,15944,590,85994,278872,21374,24638,29126,62766,1762,240828,51206,71332,117750,3258,1562,292674,69596,351148,83390,37196,311440,37982,641298,232358,0,26912,31272,8874,233412,64922,8954,13296,55230,478356,366928,42404,0,166476,142084,5270,109224,18858,20846,9606,0,195762,106430,33906,267720,43738,191962,0,121404,251968,407646,387468,27654,39120,147142,56948,42412,481524,62230,5050,14630,197374,76208,12460,0,46126,495542,65324,31890,120436,28530,15026,27486,44070,36558
Lipids: phosphocholine_HEPC_481.3178,1890,1596,0,3064,1998,2598,3908,1850,3830,3370,4200,594,1282,2352,4896,2044,1928,6378,1776,3080,5900,2244,5292,5104,10172,5422,9578,9616,3290,0,21922,0,4896,5656,8168,0,2132,9666,12362,13662,7056,13204,11854,0,0,13090,12252,6448,6556,8596,3750,8214,0,1592,2486,5210,1808,20268,5322,2736,0,1376,0,0,153004,5882,0,5030,5102,8190,3534,3930,0,0,1754,1480,0,11854,0,2936,5312,6684,5992,2672,29026,0,22914,0,0,0,79922,21402,61338,7092,5648,43278,8306,0,53272,0,4866,1134,2162,0,4200,1320,2262,6788,0,0,4440,8350,9976,11264,934,2590,2356,3642,1872,1334,16974,8094,4218,28372,3784,23536,1282,9868,23286,0,0,1072,3430,5308,0,9680,0,4552,2610,0,0,5246,1090,0,13370,0,1742,3288,33798,2922,1042,5084,2534,0
Lipids: phosphocholine_LPC 18:2_519.3326,0,324,0,626,980,424,0,522,616,536,510,308,454,0,612,2714,772,432,278,192,1118,340,922,2920,870,2280,38848,898,594,0,44658,76880,1228,1962,724,14590,110814,880,0,13190,3098,0,25574,189568,192758,0,53976,0,0,0,596,1016,1160,446,0,16936,490,172926,86558,2932,558658,412,654274,285070,15576,1676,414,428,0,27172,1460,6056,514,432610,1784,0,204,223574,377574,0,430,450,0,0,59062,6000,0,1144,0,316,126356,68910,154328,0,1450,101770,16406,198870,144200,391726,18770,26888,1202,209850,63714,1332,23856,0,232922,262134,560,38050,0,64604,238,71058,1920,14332,676,1564,0,0,16348,145372,690,102974,404,11562,94354,246168,392006,904,32920,3622,86556,78094,331818,3552,1432,788,139434,35264,580,268380,33120,198100,1500,5506,87280,9208,290,22344,5868,16778
Lipids: phosphocholine_1-Myristoyl-sn-glycero-3-phosphocholine_467.3018,300,896,0,250,296,0,1764,0,384,2144,1540,0,0,336,1648,1962,3178,1158,210,0,1200,420,544,1334,246,1108,4314,974,0,0,18100,77734,2824,2276,882,0,42948,530,3554,1998,1886,0,10794,199818,103424,83868,21148,772,1332,1160,552,480,0,360,422,3156,234,102264,10440,2322,347494,300,252738,147816,332178,886,272,1474,2520,19152,978,914,0,332552,1856,698,302,35190,110270,1500,424,928,2558,370,55574,3134,2380,1036,0,266,249154,29788,109442,0,500,50024,5422,173528,105642,327534,4024,9098,858,66000,12902,366,1848,0,199938,106464,680,21090,8888,29820,310,31596,0,9388,1224,1060,8652,3266,5106,65242,0,41192,1412,4182,26596,136860,296254,286,18430,2626,51900,54864,176764,1878,1476,378,104400,13632,358,257648,35778,314250,1668,3034,92568,6936,988,12868,2448,15406
Lipids: phosphocholine_PAF C-16_523.3627,0,11164,0,3906,52820,0,44280,0,0,209424,7740,0,0,0,35244,109826,28976,32056,43098,48464,28480,176722,16574,78478,14494,77026,226552,115026,0,60288,419636,200144,28586,49228,193736,0,44064,167694,318750,314732,257918,23132,164994,99490,89002,33724,93318,63718,0,33896,79692,11624,102702,5538,0,106674,0,67202,125660,27182,599638,43808,1439046,239168,386654,117852,34568,150616,112542,55830,0,56150,0,369632,6734,34374,0,43178,126232,68880,37162,95364,157026,3464,274084,149142,165694,268050,4454,14592,69860,68896,0,90870,30500,431990,80354,660716,144902,471368,16958,23186,13014,133276,87504,0,14530,48754,261726,447818,30490,30234,354848,111594,0,118272,24720,34528,15696,24752,204792,253758,63756,239156,8258,110668,0,186472,457244,468600,376358,5474,47572,64150,23112,31372,527078,197878,8046,5734,105794,23254,6172,222072,14752,265270,107876,26938,70082,29452,3598,24800,22276,18642
Lipids: phosphocholine_489.2858,0,0,0,222,0,426,0,0,468,0,252,240,224,164,198,324,228,180,286,526,252,0,466,134,422,482,1154,0,472,250,0,14422,542,0,534,318,4554,434,5820,6404,472,1534,1798,10584,6202,17688,2886,154,706,214,548,342,162,140,214,2980,506,8166,12612,1524,3896,0,6694,2620,2442,242,192,108,296,920,340,448,0,7900,342,282,0,2366,3908,284,384,246,130,330,5280,672,1862,326,540,282,7378,3520,3190,1376,316,9502,1318,4056,4048,7126,1292,328,680,6044,3478,158,1082,1030,5194,15224,294,3146,13356,7076,0,8730,1110,928,1102,694,3144,1464,698,8784,354,3502,364,1814,4610,9314,4680,206,1756,1070,2304,2640,5822,608,1064,272,2194,2184,0,4284,11958,26882,1534,5066,14208,13468,204,7892,4642,24908
Lipids: phosphocholine_491.3018,500,288,466,520,368,532,736,0,366,516,234,314,316,294,276,266,424,474,410,332,480,292,416,790,494,0,2968,636,322,264,8610,17252,382,292,882,1396,10512,790,5338,4110,1368,2640,2616,20948,14178,24338,5270,918,906,690,430,312,0,238,574,1580,268,15888,9966,134,19788,418,24712,12840,7074,860,500,698,820,2898,552,498,388,38248,392,448,230,7236,16016,648,382,258,1938,380,8900,2326,2386,382,444,0,24534,9220,13096,2318,408,18998,6454,17330,12336,18630,2960,1250,368,9528,3700,302,1300,1598,13028,16954,434,4820,9120,10988,0,11274,1606,1356,762,556,6434,4310,2836,12442,802,8148,258,5406,11868,19474,14948,0,3598,748,6164,6884,17624,652,1376,342,10120,3560,0,15600,15496,74044,1200,5438,29780,8704,400,6068,2908,15446
Lipids: phosphocholine_493.3173,562,436,314,1558,1402,604,2382,616,302,2270,706,504,264,312,1394,2328,1460,1960,830,642,3536,318,3456,2950,1768,2494,37460,2286,2582,622,91428,333290,2520,2372,0,6120,193650,3958,52434,21064,3978,0,31894,281860,263678,123004,88696,3556,3828,1636,1612,2480,948,1596,1514,13628,3294,276032,57864,2748,770528,506,685376,393470,95546,3634,242,3652,2446,52318,1918,3900,1030,449156,2302,338,312,214994,429310,2600,1760,2532,4174,1042,219580,23286,5380,2844,698,442,308980,97512,238186,15236,5854,227746,40150,381896,208328,534942,24770,27676,1776,218386,57960,1902,12178,0,406988,292966,2328,86618,45792,200362,210,201584,0,29110,2030,1414,0,25480,23494,166020,1994,117910,2060,18140,99848,285872,435012,710,23478,5408,75548,89176,273402,6276,4728,412,162932,39368,1504,337776,222326,1904960,2244,21742,648656,84768,414,105972,20822,151354
Lipids: phosphocholine_493.3178,514,412,220,418,1512,636,4460,422,552,706,556,0,244,364,600,3736,1472,1508,0,330,2474,1012,1784,15912,1210,11230,45704,11918,2236,828,62090,0,2578,4624,2208,22862,0,1778,68636,35830,4346,0,23184,0,0,63486,0,840,11320,1298,2678,2404,1976,382,2128,13138,1218,0,0,6514,0,1124,0,0,0,5366,644,8980,10804,0,2216,11102,1414,0,3866,1860,1740,0,0,9292,0,3296,23312,0,0,61292,82112,12102,0,0,271194,90382,218660,34118,18504,496700,89578,297428,103128,244846,0,5412,6348,0,0,1814,0,9570,0,0,1414,0,59434,53120,564,0,3284,0,2768,2946,104226,36660,27470,88860,5336,52262,0,102256,105908,151396,0,476,14138,9470,0,0,0,11846,9526,660,0,0,524,0,0,0,12254,28056,0,0,556,0,16536,0
Lipids: phosphocholine_515.2987,8972,474,4002,5184,4806,3032,1204,2790,2650,4660,7154,398,0,4986,3236,2768,0,8196,0,8390,11066,492,8934,4318,6800,6604,19158,4008,5752,3828,15672,22594,12628,4776,10660,0,14354,1792,24380,25716,10202,8638,16978,71428,59034,61924,21900,8988,9514,9194,7096,456,6388,0,4096,33552,1116,48996,76050,27026,27966,242,48950,25592,7198,5286,1334,11252,9064,12392,6648,4366,5174,74588,4788,8472,1302,18422,15558,14888,0,1602,29346,4624,23280,9244,13584,6318,4358,8936,87784,54408,52102,15522,4226,133310,56016,67642,47874,75242,57550,2652,5654,68686,66886,0,34792,23782,174486,176950,4894,24566,67774,48170,2440,32880,4188,6606,8740,7380,127338,93428,37500,185340,8802,126574,1370,109756,159720,184798,146798,7164,148160,31262,43638,14232,33466,7296,18928,5274,38692,43924,1988,74380,250558,364206,15742,179708,287904,243012,898,137580,99088,337630
Lipids: phosphocholine_541.317,228,472,0,17012,0,540,0,1236,2276,0,2214,272,0,1526,862,3532,460,3878,352,182,0,0,0,0,840,0,0,0,202,0,438488,0,0,0,708,0,0,552,263182,329854,0,208750,0,0,324228,407722,0,2282,0,3202,668,3540,1442,606,0,261346,796,317904,698056,222012,180618,0,754772,0,0,450,208,0,0,0,0,72756,0,0,0,208,0,0,0,0,0,0,0,0,0,0,0,0,304,0,566556,1051564,439738,233556,0,874980,1261980,1048934,900004,663388,970984,0,0,748460,753500,0,317034,647394,883670,967550,3480,650498,924134,648530,986,690644,145702,0,0,0,1133016,1412724,973256,1262192,56144,1119172,0,1202522,1495304,938428,987694,17806,1098298,428222,897620,0,0,0,0,4748,431314,701924,0,445540,2247898,1431760,0,1213176,2012978,1766668,1352,1389264,1226012,2620670
Lipids: phosphocholine_541.3174,0,0,0,17184,7956,0,33320,1470,4884,0,2672,0,0,0,0,1488,0,1188,330,0,16108,0,16974,86224,0,59296,180920,22046,0,0,62480,196376,24076,39204,418,159608,146952,0,33626,46536,13682,360394,68972,186992,48328,336886,129296,0,39500,1360,256,1560,1870,428,33712,48558,0,53328,152242,33816,62606,0,108914,108558,42524,378,0,16392,26648,36696,5380,11466,0,244268,46458,280,0,150864,131556,70376,4012,10154,105450,0,130100,92648,107034,10820,0,0,625274,138952,154232,265404,122008,494120,176606,243018,172616,893994,183004,111056,160058,100726,117992,75976,48194,443324,139192,596402,4504,98322,648676,160934,0,183128,161092,166440,71974,20406,980362,1007054,160576,226484,51888,860376,57334,396636,1419134,303602,1498934,23322,137764,315336,138182,240904,341932,39752,166540,12426,79080,182064,6664,46312,328818,528770,26104,174638,313612,244180,0,157996,135394,381006
Lipids: phosphocholine_543.3326,328,1024,0,17112,11904,856,0,1316,3130,146,2044,0,0,802,1080,0,602,3032,660,294,0,214,0,140632,1126,0,0,0,0,234,0,0,0,0,1542,127824,99464,1060,197852,206482,0,313768,0,139260,256784,292132,0,2146,0,0,512,4484,3914,914,0,0,1236,0,549786,114240,324956,0,694316,159832,0,656,0,0,37130,106900,5962,105536,284,249700,0,478,296,271882,191210,0,2988,7494,0,0,151096,120856,121268,9226,0,252,332250,770916,282170,122274,0,418458,576292,803180,486642,336362,466896,0,0,531108,408366,0,0,316904,395990,409596,2076,0,233800,188942,488,168840,22970,0,0,0,574096,657984,1131358,654508,0,828518,0,531900,771802,420772,425566,14532,789812,191426,604036,0,364026,0,0,4668,385124,614224,3744,0,608966,309866,0,0,487060,371962,634,339322,0,561368
Lipids: phosphocholine_543.3328,0,0,0,15942,3534,0,65134,1230,4666,0,2330,0,0,1210,794,5814,244,0,410,0,23196,0,22742,22250,0,63002,300198,24144,0,0,427886,129048,26128,33644,0,17878,29562,0,0,30756,11466,436884,122216,56250,78648,300452,239246,1418,48630,4148,194,2352,4076,0,17938,164298,0,180718,147908,0,149530,0,176568,52758,31206,664,0,25322,4906,19658,2976,17582,0,88418,56446,0,0,55034,52658,75982,3278,0,52760,0,31490,15776,20006,0,0,0,534424,151418,180902,150658,59740,324176,117686,311724,175622,579534,107510,217426,97520,98222,71650,50158,187806,225542,115980,286208,0,147388,193936,71764,0,58472,23930,76298,11812,10124,499532,461784,247918,130508,38858,633520,71270,224080,792700,180282,732748,16486,124128,172420,116358,246360,88352,97264,67002,10218,81972,171896,8054,365426,100436,177656,11378,252756,99298,60096,508,54938,310862,89628
Lipids: phosphocholine_545.3472,18162,3636,1856,4642,2616,5018,5380,3194,4522,9958,3544,2230,2328,3790,6430,3284,8946,7478,1242,3142,6478,6328,6456,12108,12030,42398,19878,10760,14498,3240,27142,12196,12864,7780,36608,0,6468,10646,24686,25530,6942,20776,9156,9516,16420,20286,14954,7118,12248,22942,13678,12070,5414,2912,4810,10442,1746,12580,36530,4242,40850,11648,79018,51688,0,92116,5238,98114,61324,10654,44468,42924,6934,18690,15912,90650,6220,18904,22374,6314,5096,14586,9102,5880,11624,9258,10820,11182,4638,1042,21622,47274,21336,9890,5952,26996,39920,48346,30284,22438,29030,14626,6686,34532,26616,3670,12190,21526,27342,25176,10986,9728,17214,12554,1138,11984,2248,6280,1984,1616,35028,40956,65540,40832,5574,52638,0,32994,44876,29206,26662,1304,48044,13660,38386,17126,24508,8994,5668,2678,25854,38770,1800,24452,39584,19774,4574,17260,29838,23096,3112,22510,18440,34722
Lipids: phosphocholine_561.3437,0,0,0,0,0,0,0,0,104,0,0,0,0,0,0,348,246,0,0,0,0,0,0,0,0,0,2266,0,0,0,3830,18124,0,0,0,0,12164,0,1558,442,404,0,20918,59276,27530,19380,13924,248,0,0,0,0,0,0,152,908,228,20468,3904,0,138574,0,109598,64848,198150,444,0,410,0,10604,0,390,0,99358,388,0,0,15328,76778,0,0,0,0,0,17680,1420,570,0,0,0,38894,7912,35468,410,212,11060,610,42712,23486,77200,1290,5390,0,40672,4770,0,1536,394,86052,68142,0,6250,2648,16554,0,22776,448,5544,0,448,576,3178,2196,25682,0,12626,0,0,5396,44892,124308,370,6178,704,21324,5892,76692,914,19216,208,42310,1536,252,151954,2446,81910,0,0,19580,508,0,2444,532,1478
Lipids: phosphocholine_567.3329,1478,2600,384,7174,26898,3172,104584,746,1774,698,1160,0,700,920,1710,9398,946,3314,736,594,55752,314,19590,298680,1082,174976,681322,67348,614,412,628436,463710,31670,143808,24234,0,379860,2054,333266,421528,22672,122740,377622,327328,361044,834946,547538,5160,106140,2394,1878,3802,2730,2766,11022,171512,2020,265542,670764,376856,519068,330,1205358,403604,169926,600,312,97338,119422,289932,5048,150648,534,249876,116890,1022,792,326574,391798,250052,9164,16896,154470,230,182790,138816,144982,51136,268,362,1399304,1588360,1251072,163456,46820,1111062,1161972,1730024,942894,1357860,346042,158816,106940,435822,147974,59870,125212,182028,683654,219406,2388,244036,343922,416720,566,175854,28526,133250,2994,5948,502434,305072,1634936,455074,117970,1297358,455850,456882,359372,402708,814376,14222,781676,638744,228526,295842,372862,288954,154776,12698,382992,377748,11656,317058,361880,511058,37142,234650,423742,425714,634,297206,392238,453464
Lipids: phosphocholine_567.3332,404,256,424,5324,5336,0,16676,404,2476,0,830,0,486,0,332,3410,406,0,1076,372,0,228,6812,37388,272,25614,95212,9412,374,172,76760,60446,6548,28156,3674,70536,63474,0,43242,57242,4014,194634,35584,39726,56960,486936,76202,0,16232,0,1016,0,3320,1272,0,0,0,35924,126982,50708,107352,126,181740,63332,0,0,0,12248,0,41110,2292,21322,0,35884,15792,328,116,0,49368,36078,4224,3318,22054,376,23266,0,20980,6998,416,0,833472,223184,267684,137048,26538,375828,157402,266994,0,1000642,67934,24942,15690,60682,22348,10454,17086,76676,97132,60456,2340,41220,118778,85320,300,40760,18102,37036,1398,514,239424,126982,259330,0,27236,665986,0,87048,203630,81222,759954,12270,102486,226884,41826,37080,44174,26490,20804,0,66004,83376,0,32940,53816,116290,5574,30964,65584,59742,310,36204,49474,59952
Lipids: phosphocholine_569.3485b,526,0,0,2282,734,270,608,164,470,220,226,274,0,428,0,1762,584,546,324,360,544,0,1024,1962,326,878,22324,444,230,206,12502,66114,696,3892,552,640,48932,0,9048,4818,1510,52448,31310,70850,81138,67608,37736,534,802,192,258,750,1336,456,2508,14068,962,36836,56080,2296,139544,0,251684,70574,30950,472,504,3164,1186,21302,944,1008,0,71978,1626,342,222,90438,63330,0,290,254,2366,218,41124,8948,5600,464,266,196,77942,52494,67092,8914,1600,33720,13878,83872,55044,115378,15496,19002,612,40938,12410,582,5816,32924,40474,26222,686,38836,28512,29972,0,25336,1704,12422,342,526,30630,28172,34218,43554,4480,97592,0,11322,50692,31678,43644,842,16078,3150,37760,21572,51564,9112,2876,564,33126,25248,2244,31846,58890,60420,726,7000,76252,20664,0,32314,17996,48398
Lipids: phosphocholine_569.3485,0,484,170,382,3698,440,12998,114,548,0,288,250,0,170,366,1300,364,636,254,276,6870,0,2966,17334,434,15520,65848,11038,0,272,56032,34500,2980,9010,6194,5668,19922,536,25736,32218,1680,31366,25382,27424,36104,42384,42954,506,9548,308,1558,454,572,574,682,12992,584,20622,44362,20596,75024,0,120408,41028,27842,424,286,15138,14576,32314,688,19026,0,48794,9290,486,512,39460,29948,19520,1282,1422,10720,444,36108,30396,27170,8580,192,186,124632,137454,152592,17862,5064,145486,105554,194210,108100,168038,61912,16332,11734,76094,22380,8884,11224,22918,153794,45736,0,27842,28050,25858,0,18036,2892,11936,334,1214,74982,40800,154290,67350,13488,116012,0,58890,57260,61768,194946,2650,125690,127976,31828,38782,48074,62586,16044,2724,78126,39592,2658,62270,29124,45806,4714,17830,33318,28064,0,27722,21948,27244
Lipids: phosphocholine_589.3755,0,0,0,0,250,0,0,0,0,0,0,0,0,356,0,270,204,0,0,0,0,0,0,0,218,300,4420,138,0,0,1136,6238,0,0,0,0,16534,252,810,510,0,342,46916,41344,28986,7744,22634,0,0,0,184,298,0,0,0,588,0,6930,2208,0,204686,0,172170,77200,256068,746,376,610,0,12236,288,252,0,46556,0,0,0,17208,98974,428,0,348,328,0,20816,1562,626,0,0,0,21416,10986,77978,534,0,18330,554,84760,50440,146140,1622,8430,0,64336,4758,0,1450,0,137096,107326,0,17866,0,15990,0,18452,0,8330,0,656,0,0,1312,19848,0,9688,0,358,0,29156,87306,532,2994,0,13316,6152,139802,1628,12936,242,45038,1572,472,138432,3622,120566,500,304,27422,404,0,5852,1606,3018
Lipids: phosphocholine_1140.5774,0,442,0,0,0,0,0,0,218,0,0,0,0,0,0,0,0,0,0,0,0,0,0,0,0,0,3978,0,0,0,5188,3250,0,0,0,1144,2562,0,2634,2786,0,5822,1674,2016,0,4802,3468,0,0,350,0,0,0,0,0,1300,0,1642,8778,1590,4832,0,9682,0,1034,0,0,0,0,1636,0,1758,0,2804,680,0,0,4248,3818,0,0,0,892,0,2490,1588,1614,0,0,0,4696,7828,4634,1682,0,4652,9842,9540,6130,6996,7846,4202,1006,7910,7646,668,2398,4774,5224,4476,0,2996,3486,3262,804,2874,330,0,0,0,8762,10272,13744,5968,722,11652,1224,7166,10362,4160,8500,844,10508,3216,9520,4260,5144,0,0,0,6248,13742,966,5864,10412,2882,308,3278,7550,5584,0,5352,5232,9848
Lipids_1-Stearoyl-2-hydroxy-sn-glycero-3-phosphoethanolamine_481.3194,0,167180,0,0,273956,0,648834,0,0,879344,390954,0,0,0,298602,447100,140682,179548,253434,253964,182886,965332,218022,597612,230574,403872,355248,251522,0,445736,259384,424948,496902,323666,955338,0,127468,512764,0,808174,1046868,52872,325038,272076,210276,0,396224,360810,640304,292520,470152,0,607744,77216,0,122172,88614,126334,279864,193822,450138,334126,1732440,652714,375210,351610,395760,459678,526970,314870,0,350102,0,463058,61110,313556,0,131660,278880,391558,156430,455314,621656,0,0,0,0,0,0,134084,80978,476310,1008430,713264,80242,1102108,600362,1355926,783500,923996,159806,45002,181080,518708,614820,31430,148388,407006,611532,782996,99858,86850,584812,464222,50670,348772,195476,251930,36754,70920,528006,871768,607410,953644,60998,483174,57878,604732,427218,718194,831126,29684,318354,139324,103386,89250,1420346,979262,80436,113784,444122,46328,158120,663344,106120,145986,496398,214678,293028,143190,23984,94224,123758,80548
Lipids_1-(9Z-Octadecenoyl)-sn-glycero-3-phosphoethanolamine_479.305,0,0,0,0,0,0,0,0,0,0,0,0,0,0,0,0,0,0,0,0,0,0,0,0,0,0,0,0,0,0,0,0,0,0,0,0,113426,0,0,0,0,0,0,65894,106120,0,0,0,0,0,0,0,0,0,0,0,0,91736,0,0,329574,0,255778,168460,0,0,0,0,0,0,0,0,0,189604,0,0,0,78052,231276,0,0,0,0,0,0,0,0,0,0,0,0,84444,121090,0,0,0,0,214346,224110,338346,0,32554,0,180414,70926,0,0,0,245886,131258,0,71160,0,0,0,94088,0,86844,0,0,0,0,8040,153648,0,52046,0,0,0,263320,188374,0,0,0,58616,43628,308896,0,0,0,144558,39274,0,243480,17592,483636,0,0,151340,0,0,26962,0,37198
Lipids_1-Palmitoyl-2-hydroxy-sn-glycero-3-phosphoethanolamine_453.2869,0,1412,0,1782,14762,0,4970,2142,2804,30662,17546,374,0,0,36454,22818,4556,27460,7336,7700,5692,17648,6554,32468,8288,57644,60650,42922,0,3758,123956,80608,4742,17648,38712,60628,24228,32586,81142,88082,121370,5504,24268,32362,34350,7126,49776,45086,61318,17440,15380,19726,16254,1142,0,32692,1962,23200,38706,11866,63304,4944,113956,66768,51334,17444,2316,59330,31906,21116,5990,36728,0,185184,2576,12098,0,11780,37156,28322,15312,39444,83436,0,71954,38674,70286,70238,0,914,18468,37318,60532,22826,17272,59592,33470,140694,87278,58642,7982,7334,6042,56360,47620,1380,5984,14862,98394,60330,24194,13588,44598,40548,7396,30266,11302,8638,2056,3782,49358,30516,40442,88904,6484,32632,1118,74230,41158,85284,32124,1912,27658,56406,13922,11746,114750,36030,1622,2698,52186,21958,2120,53882,12160,69218,36078,17384,48542,21702,2642,6196,9574,10712
Lipids_1-Palmitoyl-2-hydroxy-sn-glycero-3-phosphoethanolamine_453.2863,0,8490,0,4288,125010,0,42936,1172,1504,604314,44148,254,0,0,201174,543148,99188,143904,167222,155082,26906,299454,37194,253176,41710,432784,400036,299272,0,55642,831596,875500,48010,179962,511694,494446,154398,502830,827816,720784,989560,48404,447022,395822,237298,167030,366494,409300,501614,101958,257700,38686,493760,9940,0,552668,26026,389600,396410,87012,1084108,108094,1779856,544098,604922,214556,67988,496460,302296,171614,3482,235848,940,1081452,17548,87536,0,83780,312344,197932,157846,360018,729726,938,877954,437032,743408,928178,0,17240,465014,547714,1374062,492290,238380,1443654,523200,2010340,937362,1418094,61960,45608,45376,499322,522422,5232,44380,201274,1333394,1531436,304372,98864,1144788,506396,61786,450902,188494,233318,61554,85838,1682502,827276,634868,1273464,60018,704346,7224,1649836,1368034,1985346,1541354,3368,233728,958582,89748,138304,1802804,813966,40240,5606,442600,225938,17442,895742,83554,1207284,647686,146966,377344,155528,12858,112082,152140,139056
Lipids_425.2552,0,0,0,0,0,0,0,0,0,0,0,0,0,0,0,2584,288,0,0,0,0,0,0,170,0,0,0,0,0,0,1584,5964,0,0,0,0,3538,0,1720,0,1028,0,1874,9678,5414,6492,1184,0,0,0,0,0,0,0,0,1252,0,13276,342,0,20204,0,20636,10534,16326,0,0,480,0,852,0,0,0,20302,0,0,178,1848,5660,0,0,198,696,0,2488,308,460,736,402,0,15956,3346,7356,1152,0,4796,1016,16850,12502,32656,182,928,0,6206,2364,0,0,0,13954,5564,330,1824,1606,1656,0,2648,268,2360,1998,778,1942,494,1348,7410,0,4814,0,1886,3120,18524,8906,0,362,310,2878,5174,19584,668,718,0,10366,2600,0,26124,1770,42404,910,0,8068,286,0,2302,866,2558
Lipids_439.2709,0,0,0,0,486,0,0,424,0,2330,0,0,124,0,0,3198,328,0,854,96,0,524,0,928,0,930,1888,1208,0,0,3376,5950,0,382,748,600,2470,0,6138,2862,2872,0,5298,7472,4250,2788,2440,982,1682,0,740,570,1108,0,0,3914,0,4856,892,0,23014,240,35124,11352,16674,0,310,3028,1032,2000,194,964,0,11002,238,286,0,1460,5064,0,218,716,2510,0,5338,0,2098,4696,0,188,7622,4904,11532,1354,1162,11072,2330,22010,13144,18254,444,796,0,7440,3214,0,324,0,19468,14650,1626,1864,4306,2520,310,2872,0,2866,1814,1344,8612,2668,3574,13128,0,4254,0,8454,8272,26786,6710,0,556,1474,1742,2522,22714,3302,800,0,6532,2500,0,16762,1182,36778,4754,490,6586,1034,0,1732,1398,2462
Lipids_451.2712,0,0,0,0,0,0,0,0,0,0,0,0,0,0,0,576,0,0,0,0,0,0,0,0,0,0,628,0,0,0,4466,22046,0,0,0,0,17610,0,0,0,0,1414,2460,17352,16380,6116,5388,0,0,0,0,0,0,0,0,1584,266,55338,1284,0,81712,0,63722,46160,5032,0,0,0,0,2824,0,844,0,41592,0,0,0,16108,37478,0,0,0,1144,0,9130,0,2300,0,0,0,12350,11980,21972,1492,0,18204,2330,50768,32316,71014,1172,3802,0,24810,9708,0,556,2012,54548,21330,0,11952,5660,10680,0,22400,1152,4258,0,502,5374,3072,3264,24308,0,11814,0,0,8408,45214,19514,0,446,0,8278,8422,41946,0,0,0,20732,5182,0,52210,14436,270042,1250,822,69814,3054,0,5890,1574,14070
Lipids_467.303,0,7062,0,2170,38264,0,67138,0,0,152812,23620,0,0,0,25416,76716,19554,18120,36240,42576,15956,127560,22054,79468,21582,66034,86066,59134,0,48450,56964,62792,36918,28082,134394,47040,17598,80828,52948,158062,258852,16654,80070,56172,47380,9198,83208,72416,106358,35654,46290,9294,75818,5756,0,25558,7216,18810,48946,14696,71760,45680,269828,111554,79422,57392,38038,68744,73640,41722,0,59262,0,119282,5126,27036,0,12154,40796,33414,22770,58398,93460,0,105278,68378,94334,99870,0,11264,31452,82972,210168,99000,29100,99178,112696,305820,166478,209234,15466,6142,14326,78666,99226,1750,12850,51150,180508,187388,21606,11164,123246,54044,5448,47942,15192,28730,7468,11862,195058,207228,108480,230662,7268,119544,4044,202394,166926,241270,125356,2166,29110,41154,14688,11900,163468,167320,11790,5234,59806,13696,11556,103788,17090,76470,105010,24254,49250,25550,2496,16468,25986,16118
Lipids_473.2549,0,0,196,0,0,0,0,0,0,0,0,0,0,0,0,0,0,0,0,0,0,0,0,0,0,730,1350,0,0,0,0,1568,0,0,0,0,1324,0,900,2300,416,642,544,4252,3690,4124,1680,0,670,0,0,0,0,0,392,1394,0,6876,2096,0,2634,0,5308,3526,356,0,0,0,0,630,0,506,0,10694,0,0,0,792,1654,0,328,0,1980,0,558,0,866,0,0,0,12118,0,8060,582,0,16708,3948,9266,5200,12612,4748,486,0,7626,9698,0,1730,774,18858,24478,0,3166,8636,6920,0,1906,0,0,440,0,23712,20268,4418,24828,0,18324,362,19708,27308,32622,15608,0,6048,814,4056,1368,5630,0,390,0,4736,6254,228,12036,16026,44472,3954,13774,19040,13586,0,3512,3882,15242
Lipids_475.2706,794,0,0,1074,1186,1432,1834,1022,1540,0,516,0,0,120,0,1024,0,0,0,0,858,326,0,856,0,908,3056,0,0,0,0,8832,0,0,0,0,14552,0,1724,3764,488,11872,3408,50296,54556,6112,6104,708,866,754,0,1398,0,0,916,2418,0,69132,2120,266,83174,0,64306,47686,2484,1588,0,620,766,1942,464,272,430,75400,0,0,0,15340,42436,0,0,0,1358,0,4322,836,1640,906,0,0,14590,15408,27838,8476,0,26196,422,50648,39514,148492,3328,3320,314,68570,22886,506,1938,2450,73490,77574,0,8770,5264,8364,0,12396,890,1446,372,0,8218,19054,2152,45112,0,17786,0,6772,12306,113888,17052,0,1774,0,12188,5102,47966,0,0,0,20838,3824,0,54784,7536,127706,772,410,39946,490,0,2358,970,5556
Lipids_477.2877,1110,950,966,0,1166,0,1286,0,0,1276,0,1074,1110,0,0,1972,1670,0,1050,0,0,798,0,0,0,1128,1726,0,0,1260,0,16540,0,0,0,0,30592,0,0,0,1364,3928,9250,46434,34514,4418,9136,0,0,0,0,0,1502,1238,1384,3634,1052,82826,2308,1124,153814,0,203950,105862,0,0,0,0,0,6228,0,1532,0,107794,1412,0,0,43988,116368,1472,0,0,0,0,7258,0,0,0,0,1204,7638,15218,32740,10022,0,20886,2694,65536,44194,121082,2894,9718,0,60744,24654,1102,2364,4236,79960,58908,0,13478,5982,11414,1056,18942,1226,7638,1164,1418,7738,10750,2960,46376,886,20584,754,3358,18876,129510,47436,1306,1534,0,22710,16688,134542,0,0,1074,43442,12690,0,123712,5806,79122,2330,1740,25148,1614,0,2630,1462,4652
Lipids_499.2715,0,0,2014,0,0,0,0,0,0,0,0,0,540,0,0,3078,0,0,0,0,0,0,2420,18726,0,0,0,8724,0,0,52072,85022,1046,0,0,0,34538,574,87738,81174,0,62430,13032,58634,53736,40936,26252,0,0,0,0,0,1824,0,0,54654,0,88338,58416,9440,77780,0,184984,65088,0,0,0,0,0,0,0,21812,0,88748,8824,0,0,58314,41970,9798,0,0,52738,0,56836,30170,46374,412,0,0,103758,110094,92892,30946,4866,167282,106078,129858,84312,143008,82548,20740,16936,101684,94366,0,42888,58140,155768,171556,0,195634,206480,148918,0,128184,13318,30100,26134,9424,314984,433762,78380,326830,9610,194522,17078,309022,288678,347390,196246,504,88524,48950,102214,35150,169366,23398,14934,0,71568,107350,0,168878,391286,325802,31202,190478,392520,264490,0,96742,174482,492570
Lipids_501.2865,0,0,248,1310,1336,0,3694,0,0,0,0,368,0,0,0,826,0,0,408,452,0,0,0,7190,0,5224,9264,1514,0,0,10030,10604,0,3652,2122,3042,15258,0,8440,11350,0,70790,9110,23722,26140,37330,11886,0,4236,0,0,0,1232,1070,2390,7682,1026,13228,15476,2578,39750,0,0,34358,1916,0,4080,0,2900,8004,838,6448,0,53110,3560,0,0,39706,21182,1248,0,0,5572,0,10304,5326,7738,0,416,0,88304,32436,41416,0,1210,44838,18616,47024,40746,135224,17186,13970,2542,29278,19418,4960,9058,22838,32106,38704,0,17124,45600,13628,270,10596,3410,8380,728,596,104730,115166,29590,42862,5322,93274,8400,47152,171258,51812,100704,1050,15202,14456,23494,10720,33244,3654,3520,2166,20102,24522,1756,25944,36562,65030,2456,14916,35962,18342,0,9530,15536,29756
Lipids_501.287,564,0,0,1604,5334,0,12222,0,518,458,618,0,0,0,0,5168,0,0,550,0,0,0,1868,41418,1336,28880,47384,7036,0,0,52910,42004,1634,11132,8092,21012,39452,0,67766,73076,0,45174,40500,40898,60780,33210,62658,0,18924,0,0,542,4832,1414,1084,42590,962,41720,66594,12298,98676,0,47902,74532,5364,928,0,0,15876,45360,0,46138,0,105930,20572,0,0,257418,70210,6518,526,0,32224,0,62712,38732,50394,0,0,0,51980,119882,76724,29362,5544,105224,91566,107942,89048,80334,95724,83092,14636,130088,95678,8298,51556,55084,120312,106160,0,78028,71900,53146,0,46786,4248,30992,5468,5614,194686,272212,155900,236766,12268,180478,0,200258,198040,192950,77420,280,107594,25946,124284,71240,185142,44724,13378,1538,87288,119260,1432,174510,204052,108146,14478,91180,155486,105408,0,52604,97842,199384
Lipids_503.3023,1428,1034,0,948,1198,1710,1736,700,1264,992,0,0,0,1078,2016,1534,0,2356,802,1266,1164,0,0,1240,0,0,2112,0,0,0,0,6848,0,0,0,1814,12550,0,0,2468,0,720,11766,34028,38126,4098,5900,0,2012,0,0,1636,0,0,0,0,0,14210,922,0,79976,0,79172,36226,17790,5602,1182,3486,3228,1864,1996,1822,1234,50960,528,854,0,6250,41380,0,0,950,1600,1370,6320,2906,3236,0,0,392,18040,10548,25882,1108,1510,6176,2256,41536,35714,81556,510,6576,0,17212,5426,0,510,1032,18264,11496,784,3298,1724,3778,220,4610,0,3778,380,626,3792,2298,2802,10538,908,8270,786,3794,2638,17652,9612,0,0,0,3694,3928,68034,1158,1236,386,11856,5010,646,20324,2220,46780,1226,1070,10330,1208,888,1718,1078,1920
Lipids_525.2873,0,0,0,0,13632,0,21258,0,0,0,0,0,0,0,0,0,0,0,0,0,17864,0,4148,95202,0,106188,157342,26008,0,0,128948,181246,5466,74964,68582,0,131760,3120,120696,234066,8790,22652,111714,121040,86830,93690,143206,0,46794,0,0,0,0,0,0,61140,0,79686,131218,50304,184840,0,298184,170598,42700,0,1814,12926,51098,121552,0,84904,0,111164,39262,0,0,273712,152204,66356,0,0,87406,0,75310,49492,57708,18840,0,0,387244,728872,513618,70412,13132,437850,435794,550170,384572,635162,121100,122118,43004,150918,78664,22340,48884,75690,272136,76968,0,270150,132820,208018,0,77690,12774,130678,5656,0,233052,220144,535662,355302,132520,528184,62200,263842,146104,208158,208772,0,178838,141724,104988,140672,198606,131920,52318,3642,143460,125638,0,145094,170906,334132,46694,139962,247726,249668,0,71452,94110,202484
Lipids: phosphocholine_1-(1Z-Octadecenyl)-sn-glycero-3-phosphocholine_507.3681,28372,20434,2838,15380,15240,38328,38434,21120,25996,42574,16574,0,3602,25356,21856,6760,6424,27942,4498,12128,33240,34378,48800,37976,81622,39484,30950,80596,34886,11978,106408,29078,42360,32362,71656,0,8426,58136,112480,99794,0,10152,9434,16644,9940,5726,15674,84496,64016,65300,29446,102326,27960,13316,5656,16974,0,9212,17464,11712,46752,13656,0,30760,32706,118464,29900,67300,104856,15722,40374,22390,25770,24366,12706,43784,14312,8532,24516,33550,23316,45198,0,10868,74012,51930,73532,42472,24060,7062,15388,13118,25680,12944,10702,48200,12196,46742,11380,20634,7006,3734,21354,18970,10226,11630,9014,11574,16992,29110,23454,3376,72018,22412,2486,13192,5776,4064,1968,3150,30006,20546,12138,25960,10798,8308,8994,34634,48504,51908,10864,4036,10244,10654,4990,6242,32800,19444,8264,5708,19484,8838,3938,16260,5624,29864,8886,9206,7868,10028,3136,2772,2130,3982
Lipids: phosphocholine_1-(1Z-Hexadecenyl)-sn-glycero-3-phosphocholine_479.3372,63240,39228,16414,35688,22004,93608,48490,40122,61122,103464,45670,986,16012,57970,61156,32190,39648,112036,20284,49894,108380,68568,107752,124474,195888,109750,143578,218068,134760,37740,255330,126506,125442,106876,224492,0,13656,277960,432146,329064,154588,35400,50594,52438,24408,43902,121356,205258,215828,260794,112674,271446,108678,29982,20710,69938,17736,70088,43930,25122,375596,58188,334126,185382,298318,649922,110932,452840,457930,100476,242194,132072,149028,79416,39232,157868,85724,20668,78404,92796,72684,171450,195950,35818,212684,170240,291248,117388,63210,19348,79294,49430,149598,59692,63218,300542,72702,235534,62840,104968,37730,14160,94490,85378,51412,35428,23932,45858,96920,159196,198594,18256,394212,101118,15914,82716,50490,17706,10700,28274,103130,64390,37318,124634,39694,22876,39734,123614,170978,154292,127838,26840,77712,154478,21364,28566,200320,154138,70682,70242,145844,49830,38282,158782,38372,241582,86390,58444,54708,70278,46002,16530,16626,29496
Lipids: phosphocholine_1-O-hexadecyl-2-C-methyl-3-phosphatidylcholine_495.3676,9580,4508,2932,6202,4452,12114,11636,6506,7286,0,7460,488,1234,9026,6896,0,2286,6800,2628,5776,17792,0,22704,16454,22572,14566,21716,31316,13740,6306,19098,0,12154,8916,15182,20610,0,24966,0,18852,0,4564,0,0,0,0,9948,0,17054,0,6498,0,6664,2870,1232,0,1678,0,0,3004,0,9498,0,0,31510,0,16744,24428,0,9670,9442,8546,11130,0,3198,8324,3794,0,0,0,7166,17842,14182,4578,48532,41730,46906,18558,11392,2928,0,0,0,0,2872,0,5184,0,0,0,2338,1906,4550,0,0,1840,1792,3220,0,0,6172,0,0,0,952,0,1628,0,0,1862,0,0,5948,0,2806,0,2480,0,0,0,0,1208,0,0,0,0,0,0,4280,2236,0,0,1916,0,0,0,0,1710,0,0,1122,0,0,0
Lipids: phosphocholine_1-(1Z-Hexadecenyl)-sn-glycero-3-phosphocholine_479.3383,21182,13350,6154,17202,14334,27266,23884,17224,21530,35550,24588,1232,4838,24500,31030,10146,6806,35114,6196,18408,32968,29862,34086,39358,67118,47132,70060,78226,30904,14702,290824,33318,31062,33790,54572,89470,6544,77166,134164,86344,45308,13122,16348,15822,10720,15986,20266,56236,49764,61540,21998,76286,22566,9730,3942,15196,5194,11060,13568,10272,82406,17706,107844,35326,75468,147642,31424,83406,64062,18646,40378,25714,41298,46454,8138,42888,15938,5932,20020,32768,33778,54768,63666,19158,91624,90244,102150,69752,31008,6506,17326,9648,29062,14198,15804,56738,18190,43328,13280,24422,9484,2526,23290,19518,16814,10122,5972,14482,20376,34938,30042,2950,55062,18886,6190,0,6864,4166,2496,4116,41954,18410,13384,33172,10970,9216,7256,42810,51252,84772,21462,5010,14032,33316,3688,7360,46000,32714,7488,9620,25612,9348,7678,26008,5452,39024,13152,7352,8402,9452,5584,2682,1820,3858
Lipids: phosphocholine_451.3068,5398,2438,2564,2710,2116,7102,5046,4212,5598,6836,3074,1956,4686,3676,5294,2244,6506,6946,3098,3538,7600,3756,5708,8468,9930,6106,6040,10100,11864,3664,16910,8416,7800,8282,15438,20902,2052,16114,25034,20888,8078,2070,3026,4000,1258,2396,8700,10300,11290,10844,12658,14596,5804,5134,7574,5864,4438,7408,2792,2388,15484,5242,12526,10708,14330,32988,5802,17850,22116,6666,12036,5758,8916,5366,3494,11376,8354,1604,4600,6104,6446,12552,13086,8670,9046,7886,13282,7568,5806,3208,11838,4964,8732,3938,6774,16700,6026,11624,4752,5810,1794,1294,6786,4264,2864,2142,1792,2142,4634,5816,26702,1672,23548,7538,2194,7024,6624,1882,3738,7184,6592,3960,3216,8502,4898,1974,4036,9238,11768,9518,4592,4258,8082,8276,3836,3068,16108,10800,15510,13042,12246,5312,5856,16372,2712,10626,10972,6030,3840,7148,8928,1514,1472,3938
Lipids: phosphocholine_453.3213,16918,4496,5708,8106,5274,16690,11182,6894,9298,10942,9468,732,7116,41582,15920,6458,7326,20540,5918,12970,22236,10082,15616,13120,25620,12090,12918,28434,26570,6416,108416,14716,15508,11650,19230,24070,2174,47038,76774,32694,23220,11362,4522,8116,3088,8100,6730,24224,17014,18280,33448,35688,11336,14392,14834,13298,6038,10326,5232,3670,22008,9532,38520,10364,25902,44954,16870,20136,39602,7042,18516,10702,17082,8226,4892,14974,8672,2010,7434,14020,10368,52552,68980,8960,36736,32956,39040,23920,24556,3396,17108,8424,18226,8894,13230,25304,13352,21698,8100,11280,2976,1440,8176,7578,4634,2968,2194,4358,8946,7748,13654,1054,26600,5728,7316,13642,3082,1158,10562,15092,11506,3296,7078,11428,6276,3262,4972,14328,12224,12468,6904,2684,5694,11876,2546,3772,12932,14322,16770,5670,7196,4084,4090,8874,1652,8798,5550,2266,2646,3628,2524,1018,700,1172
Lipids: phosphocholine_465.3218,7922,3658,2932,4432,3040,12134,7834,4644,6220,10470,3292,404,2008,4112,4190,2454,4666,7344,2230,3660,12808,6300,10524,14638,19094,10308,13252,19938,18462,4638,18722,9886,9804,9462,17090,0,1676,20582,30100,28456,14002,4130,4700,5040,2150,4802,11914,17164,20494,22742,13334,18180,6456,6532,6372,5992,3464,7736,4190,3084,39166,7718,31154,24572,29312,64368,9980,33506,30978,12652,20050,10628,12272,4188,4636,15914,10292,1890,10048,7912,6716,16966,17474,7106,15294,12612,19366,9494,7990,3034,7052,3166,7564,3714,4534,14646,4432,9326,2908,4366,2534,2004,9338,6452,4074,3266,2252,4468,7484,9754,16620,1174,17366,5422,1470,5328,2854,1082,1710,3156,7080,4110,2878,6834,3768,2260,3714,0,10164,8446,3920,1612,2904,5144,2710,3026,11712,11644,10262,8318,11198,4718,3488,10558,2936,16560,9794,5742,4578,7122,6724,1810,1642,4058
Lipids: phosphocholine_467.3371,21086,7000,4838,15664,8660,26180,16564,9938,13228,18962,8818,544,2514,54966,8660,3546,3480,10418,2628,7312,29302,14210,32516,23028,40254,19802,25200,43168,29816,7710,52280,12084,25040,13590,29238,0,2414,43642,74544,40302,20054,11350,6068,12026,3706,7352,7792,23568,21824,32240,23356,38890,10078,8542,16478,10176,3468,10226,5106,4268,30464,13112,64138,16458,47588,81664,25868,25810,39538,8910,20158,14606,23634,7638,5814,18540,10522,2736,0,12396,11558,39730,45578,8380,97144,72444,81046,39276,24468,4058,9708,5308,14068,4920,5396,24584,7242,21476,7020,9634,2626,1392,7560,6576,4760,2756,2344,6064,8070,11016,13386,914,26578,6788,2736,9554,1906,1480,2588,6048,11762,3262,5626,11750,4104,3344,3234,15704,13836,15936,0,1286,3086,6472,2302,2648,13736,8952,20432,3378,5672,3494,2202,7954,1456,10388,4522,2832,2794,2514,2584,1144,856,1012
Lipids: phosphocholine_477.321,4000,2336,2092,3984,2916,5714,3768,2920,4668,4840,4136,748,2018,4646,5164,1634,2306,6266,1320,4252,6686,3024,5310,5500,9814,4348,6702,10874,6234,1850,62854,5522,6254,5102,10362,0,942,18748,42178,16188,5802,2430,2832,3624,2374,3874,3112,7622,7178,6224,5848,15324,4662,2172,3392,5522,632,4436,2862,2678,8866,2940,12564,5386,12008,22188,5196,9064,9444,2718,6902,4406,9806,17820,1842,9538,3652,1252,4442,6214,6160,7346,9430,5308,7732,7648,10744,7440,3360,1268,4710,2116,3532,2240,3616,8580,4228,4578,1104,0,676,0,1974,0,1718,0,876,2164,0,0,3966,0,5980,1398,890,3090,1346,996,860,1270,16884,3344,2252,5994,3138,2780,604,10996,12616,20790,3982,1374,2186,8858,686,1640,3484,6054,1294,1768,2942,1582,1314,0,850,9414,3102,1878,974,2494,2174,1088,872,1798
Lipids: phosphocholine_477.3216,4444,1872,2228,2240,1340,5308,3120,2394,3588,6168,5326,1930,3632,5790,7774,5112,17520,17032,3398,4814,6954,2992,5558,7228,10634,5812,5582,10210,11420,2484,15680,6910,7134,6494,12276,16336,1720,14470,19568,16244,6536,2120,2630,3776,1786,2606,6388,9694,11126,11452,8950,12070,4562,3236,3660,3216,1982,4776,2888,2236,12984,5494,13464,11790,0,34346,6748,19832,23394,6104,17406,6946,9854,5692,3452,13900,7416,1860,6210,6056,5874,9000,9856,5388,8244,8462,13004,7244,5674,1988,6944,4156,6116,3900,6220,14108,5656,9900,3662,4138,1958,1038,5506,3412,2804,2010,1516,1978,4122,6440,21162,1436,14172,5450,2042,5444,4182,1556,2266,4090,4584,1840,1882,3690,3248,1294,2606,4626,4658,4972,4556,2292,4594,6884,2662,2652,9012,8318,11984,7728,8528,3550,3216,11862,2234,9972,8228,5236,4414,6984,8126,1810,1830,3840
Lipids: phosphocholine_481.3488,0,10636,4016,0,5616,0,0,0,0,19408,9958,0,3224,0,14358,0,2952,23076,0,12188,0,23800,0,34358,0,53048,0,0,0,0,84202,14596,32448,35386,0,0,4380,0,0,47714,0,0,0,19096,7496,9300,13476,62256,38880,0,19792,0,0,12094,3100,16612,0,9976,8422,0,0,21756,122488,22022,0,0,57922,69128,71480,17388,0,22998,0,16434,0,30230,0,6882,8906,11548,0,66076,59064,0,0,0,0,0,0,9194,11236,0,15016,0,4956,18396,0,0,0,0,3232,1960,9732,0,0,4948,0,0,0,14664,0,0,24756,0,4090,0,0,0,1552,3242,13311.27,0,0,0,4688,0,3426,18110,20804,20998,0,1092,0,10536,2882,3966,0,0,0,0,0,4176,0,0,0,13010,0,0,0,2154,0,0,0,0
Lipids: phosphocholine_481.3523,98274,47240,24196,60834,33372,99228,76016,57718,68934,144042,55932,0,10052,85560,67726,28304,0,79646,15690,54008,213108,169030,281136,175154,252334,221270,245142,409008,163220,72428,277586,75406,140118,122072,162076,0,0,407950,400008,229754,164900,55416,64534,74556,33308,36568,69330,204302,193948,306880,0,267912,0,35728,12100,53092,0,35032,40172,0,337142,87722,665900,131124,360198,852272,202830,264672,283824,80506,137298,106016,140966,89612,35036,176748,47100,30706,66452,68090,135636,248092,254672,70736,2125324,1932338,2108268,726034,314830,31314,56144,38038,95548,30504,25510,157948,34428,154902,30558,71666,16120,9648,46384,52048,37788,16900,13588,31100,64180,103994,62910,6002,140446,46284,17222,34948,12656,5444,7236,20362,97852,34364,42492,82188,34628,31582,22830,122614,122308,153956,52238,4812,31802,48228,15090,16498,108552,63814,53956,12716,44026,23016,11220,65740,8766,67810,23932,15202,13038,12426,6806,4592,3640,5012
Lipids: phosphocholine_493.3529,12264,7992,3260,6870,5186,17970,13344,0,11842,16574,10276,248,2302,11972,12406,5530,6374,20142,3090,10496,26024,20662,29634,31686,62712,31166,53580,69446,31614,9598,36796,17584,21854,17082,34060,0,3358,48808,58778,71046,39052,7478,17010,14440,8534,12162,26582,50110,67962,60260,12940,41288,10552,5468,2150,7564,2132,6126,6018,3428,85686,13028,62884,42172,59136,161560,23312,99226,81360,22296,36922,28012,21284,13016,6980,31188,14450,5672,17516,18642,14774,53556,51688,8198,47358,42348,73498,26482,12918,4572,15640,9370,29456,10044,11138,51836,11638,49226,11488,19270,8370,3526,28200,22048,11582,8800,6732,9942,24238,29218,10048,1474,29422,8264,1026,6130,2014,1358,910,2000,28160,12560,10198,30936,9878,6184,9628,34746,42636,42394,6976,2262,5254,6612,3738,4306,28988,23946,7702,10618,25824,6710,5796,22286,4590,28008,8746,6414,6752,7078,3528,2156,2568,3144
Lipids: phosphocholine_503.337,10320,5592,1628,4482,4966,12444,12988,4820,8984,10766,13290,0,9892,16750,28272,7506,11672,33552,4246,8608,23680,18492,28704,31724,48600,54824,23848,53202,40506,19546,24016,10974,16232,14838,20614,23804,2946,15178,48474,30372,46300,9692,10396,34828,12464,6604,11776,74550,33476,44338,14752,32556,7814,7190,7642,11260,3980,9982,8798,6550,21476,10722,30868,16142,16674,50720,7584,25024,48730,7644,23766,4828,13684,24336,7728,18752,13212,4922,7450,26114,14312,14790,26696,11300,32870,22158,32970,27006,18128,3874,25624,11634,23356,5474,8424,40348,13922,29674,10594,17106,2178,1226,10452,7776,3810,3112,3964,4416,7266,10472,11574,986,12502,4888,1168,3660,2224,748,1894,1458,12354,6026,7854,10376,7114,5844,6432,14690,14158,16978,2412,1974,4840,3690,2000,1708,4180,3668,5450,2810,4170,2300,1390,6890,2038,13324,7734,5064,3326,5906,5548,1554,1276,3004
Lipids: phosphocholine_505.3461,8902,6920,0,7880,7328,9764,11496,8864,9556,13388,8022,0,0,7780,10348,0,0,11442,0,6724,12934,10844,13432,11732,23544,13074,14500,23700,11866,5490,55198,11132,10840,11948,7980,0,0,18216,33962,29604,16466,0,0,0,0,0,5842,21534,16228,19020,7628,22064,7520,0,0,5588,0,0,7064,0,14924,7624,20386,11396,11970,41724,9844,22060,18738,0,12408,8996,12130,12034,3984,12326,6016,0,7676,13356,7092,15178,18162,0,14698,13082,17016,14432,7200,0,6468,4948,9006,6994,6148,14508,5214,12186,4264,7058,7692,0,9444,9876,8044,8030,6366,7376,8546,12604,11110,0,17876,8796,0,7274,0,0,0,0,10916,8746,5752,10836,0,0,0,11894,14804,19312,6108,0,4794,6936,0,6776,15380,10942,0,5268,12230,0,0,10366,0,12172,0,0,0,0,0,0,0,0
Dipeptide_Leu-Trp_317.1762,2662,4044,32700,48578,7128,15900,1406,11940,28084,0,12660,108534,57148,18160,5450,38286,40058,25482,76444,52522,9262,66726,14020,8610,10360,6190,15800,15672,28038,46432,26480,4476,4302,7872,25048,32998,6454,24544,16072,8462,7804,49240,19794,12448,4600,169674,1862,12370,12670,15964,28864,14532,57036,5890,152658,39450,69488,37984,7164,13024,31172,18194,60480,2912,61106,40384,42452,9076,25370,3736,8932,4800,61140,5246,5780,69350,48238,1614,8608,26060,58910,14138,5366,60216,17978,21424,10506,10460,4414,64100,79266,30688,32954,41508,33768,36854,20996,17054,18340,46492,7350,1346,6430,4798,6156,3968,7322,25242,13490,14984,49898,792,53272,11714,39018,15102,15986,2390,120344,37464,68380,49464,26542,20674,22548,33700,28304,52208,46656,52074,33708,20800,7320,49152,2504,8468,9554,40276,4154,79282,3070,7558,22514,5488,6684,40148,49940,17634,4466,6548,44640,3336,0,4730
Dipeptide_Unknown (carbon number 16)_333.1341,15000,27062,46844,6656,5280,13846,15094,4568,6194,33476,6638,72420,23460,4330,6188,6006,13770,10806,8668,11058,5752,56256,4420,6146,9218,4434,3320,11826,14600,21380,16492,6948,8168,3436,13536,5852,3614,15040,17260,5300,6232,3250,6498,6692,2708,2666,3622,3162,3586,4252,14870,5786,10428,12362,8124,6254,7174,10666,3282,7914,2202,28722,2538,2132,4570,12882,27742,2644,11286,4908,4608,3292,14090,4368,3604,39630,20412,2830,6296,11298,9042,6608,5012,36014,8652,8622,7844,13162,16698,26440,5622,7212,6504,3710,11346,4582,0,5694,7722,3362,836,738,5204,1582,1952,1684,2156,2382,2432,2314,12134,2892,5024,1228,8000,752,1334,3390,4118,3968,7086,3660,5174,0,7518,6018,4262,10050,6032,9144,1588,2924,0,7848,924,880,0,2456,422,3316,680,1052,3670,1384,1904,2142,5250,3628,2092,4150,11342,2052,4174,3324
Dipeptide_Phe-Trp_351.1592,950,794,2502,15592,3016,2018,530,4890,12240,552,0,0,14442,0,1056,10094,0,8800,20016,15284,3260,16022,0,3604,4824,3362,0,5832,15104,16072,0,2366,1392,4620,6316,0,766,10122,9942,4826,3920,18250,4686,1730,1060,13740,1146,6586,7566,6360,13844,7040,24426,2682,75558,14716,23252,19908,4208,4854,9032,3680,6750,2874,9014,0,0,3670,1514,306,3730,0,25094,2766,2544,5314,23110,340,3086,14308,21938,7846,2778,11420,6362,6316,4138,0,1024,4654,29256,0,0,15202,0,20778,0,8928,14670,22508,2692,296,1740,2392,3630,1904,4640,10174,6232,5962,21362,514,19656,4078,7880,7156,8314,386,47278,16682,23916,15002,15818,10524,0,20620,10946,27418,21954,17926,15972,8762,3474,24684,662,0,5982,9538,0,8402,1678,0,6706,3486,2340,8124,24050,5986,634,1932,0,484,482,236
Dipeptide_261.1121,2138,5330,12374,30178,7450,4736,3756,7560,15916,13822,7674,39868,36260,11820,5722,20288,13988,14940,28176,29810,2442,18042,9344,4386,2384,3078,3468,6216,10388,18090,11426,4304,2302,6282,10016,9198,1276,12730,14580,4522,4722,36942,5412,3700,834,12158,1430,7036,6044,5226,12182,7092,24058,5942,55694,20008,25232,25828,6744,4582,23296,5460,7516,3620,7672,11664,9146,3132,6342,2756,3408,2982,17640,4268,2754,19592,15766,1410,4078,11206,22342,6378,2734,14802,10806,10486,8532,5856,7036,23170,49958,11094,21970,19480,21472,26764,17264,11396,12058,32104,5950,572,5194,5780,5654,5300,7014,14722,14932,12612,24542,622,29076,8878,15996,10084,13624,4770,56888,17822,28582,28486,10948,9922,10440,19962,8632,18762,23252,18530,22604,8742,7344,38462,2152,3650,6274,11514,7638,12346,2840,4930,18350,4064,6616,21246,18670,7954,5576,7682,21864,3412,4866,5900
Dipeptide_275.128,3846,6402,10572,31788,7114,13938,3348,8342,18914,2906,16308,54386,25408,12360,7390,26624,21070,18086,40534,31712,2288,23754,5330,4278,3636,1816,6612,5774,12666,19378,11580,2464,0,5568,13088,9552,642,11538,4748,3228,8176,38634,10984,4920,470,29750,1648,15922,8334,9762,29346,13860,46662,12546,76266,34640,30430,24318,7938,12446,22872,12360,25448,5252,9696,22190,9558,3694,10504,2562,11770,2430,26016,4222,3182,29756,21700,990,0,17444,25008,6226,3406,28766,11436,12332,7474,5264,8718,36558,57578,9732,19570,28240,18630,24264,15568,10950,13362,35658,3312,256,2968,3186,3028,2668,4200,22182,6826,11130,19246,694,25662,7472,12438,7438,7402,2200,96472,15096,29910,30900,15112,10452,14736,19714,11386,21772,29390,22578,23858,11020,3786,34960,1460,2476,4902,15662,0,9202,1464,3508,9260,2530,4034,11854,16052,5914,1578,4438,21910,2154,4850,2430
Dipeptide_291.1225,1376,2316,3834,16574,4088,1438,1066,5106,15124,1802,16364,23930,13064,7150,2328,18126,6276,13336,31900,20568,2136,11508,5198,3112,2192,2044,4404,3774,9422,10696,6708,1234,1046,4856,6696,8716,526,6056,3540,2574,4648,13582,4212,1934,744,22516,948,8316,4606,5288,8372,9508,23518,3522,30270,15456,17178,17588,3700,3874,20766,4840,11468,2024,10480,11566,7668,2912,4238,1764,5652,2580,13934,2950,2172,10308,11966,1172,2162,10472,13180,4196,1804,11360,7544,7574,5048,3730,2966,7222,37186,5852,13020,20872,10256,16644,7392,7290,7304,26696,4020,476,2142,2652,2396,2624,3256,11074,6796,5320,11652,912,18128,5652,5122,5832,5044,766,36238,10202,19040,16014,7024,6140,8372,12474,6352,11066,15872,13498,8264,4762,4262,7934,1598,3308,3926,8212,3424,7770,460,2616,7530,2110,4186,9586,9312,3748,2060,3010,14148,2438,3072,2510
Dipeptide_305.1392,1728,1970,4052,22458,3348,0,1180,4872,10698,1054,5322,18400,10014,4418,2998,14516,9224,9806,16968,20146,2018,14316,3996,4014,2236,2162,3932,3534,9230,11230,10000,1238,1904,3250,7328,4760,562,6156,3856,2194,5494,9846,5512,1834,330,10852,812,8276,5724,6194,15256,5504,21898,3796,40934,13104,18472,11638,4064,5806,8754,4478,10768,1532,8662,15822,7376,3196,3366,2398,4410,2420,19926,3306,2198,8206,10888,1106,2218,7312,14602,5652,2498,14776,7544,7288,4488,2364,0,6518,38472,8090,16060,17868,15598,30742,11932,10218,11522,27600,2146,458,1752,2462,2106,2900,4006,8314,4524,7200,11982,770,20514,3624,5088,5480,7370,0,37164,13038,24468,19952,12642,10450,13674,13678,8580,20396,22480,21518,16982,8258,3208,24974,1182,1050,4298,10452,0,10428,1130,2940,9484,2568,3694,6702,9028,5740,1562,3450,16498,798,1242,1780
Dipeptide_315.2155,1964,2022,4816,4368,2506,5042,2052,2910,1956,15224,610,9494,7428,1210,2320,3624,9986,2166,2018,4198,1040,10010,2076,4956,3154,1936,1468,3568,9576,14506,5682,1616,2748,1808,12754,2898,394,11052,1972,3354,2168,2168,7208,2576,0,3254,776,2798,2170,3556,5700,1566,9188,3296,9886,2658,3030,2506,1302,2862,1708,6346,3162,676,974,21912,7352,2950,2758,2500,2132,1510,8974,1054,1864,22560,10828,1350,2118,5682,4854,3960,2504,9874,2268,1642,2372,3650,866,10774,3934,4992,2318,2952,4856,4818,4522,4318,3592,2314,1448,908,5660,6260,5104,3506,8016,5646,5444,6454,14084,328,5232,1494,6916,1678,2276,7354,17114,0,14300,5616,3836,11148,9878,3358,5722,20234,4736,13732,1964,7932,3814,8034,1842,2232,5026,6856,6582,9246,862,1158,9060,1348,2738,4696,14994,6744,2648,5788,20468,2150,13840,4364
Dipeptide_335.1312,0,650,1426,9066,1540,0,0,2296,5568,0,1818,9494,4586,1812,562,4262,2734,4054,12500,7288,1050,2506,2778,1916,1582,1272,1694,2426,3538,9876,6176,650,604,1694,3236,3240,398,6702,2454,1282,1676,13378,2670,1276,0,14870,968,3268,2616,3598,7050,2584,13818,1090,40058,9374,10854,10826,2630,3614,11806,2022,3650,706,2978,3946,3770,1560,1034,488,1650,1380,10940,1566,1032,1840,6460,0,854,5846,10898,2562,0,2706,1966,2396,1568,576,0,1288,37830,4514,8176,10304,6474,8292,4754,4498,5324,20410,1794,0,772,0,986,944,1480,7288,1984,3350,8488,0,12396,2890,2650,3388,4768,0,33016,7770,15092,11506,6046,4986,6416,11116,4132,12244,11384,8986,12372,6164,990,17844,0,0,2518,3040,380,5222,422,2530,5156,1690,1362,3466,11296,2022,344,974,5730,0,0,410
Dipeptide_388.2114,15576,8318,2172,6848,6978,3576,7046,4916,7248,7282,2570,19854,11314,0,3138,6932,9506,21576,3458,5888,5718,582,15870,30008,10120,7576,5326,9232,8508,2540,84056,6358,3424,20128,7668,13924,712,38890,12812,34478,9114,5486,11778,4214,432,9268,3922,17466,14526,24548,9104,13688,5366,6750,20140,11018,16282,13750,3444,10256,3084,2632,4070,3714,9206,1138,3302,18420,18082,15274,13108,11888,6814,6748,7610,0,2654,1090,7954,9462,5612,18624,17752,1528,8266,6526,9152,8082,3006,10346,9104,9878,12004,8224,14836,18636,18010,11838,14870,8682,2964,818,8650,21526,10984,7716,10752,9644,7514,10186,54412,322,14226,3518,14250,5252,5910,6134,23366,23222,20376,11660,25574,19540,25374,7690,13312,28090,27370,18592,2322,15586,12906,9370,3102,964,9776,11580,11372,9364,1192,3076,1688,412,2682,6366,3316,7108,2100,4006,2756,1058,1292,3400
Dipeptide_390.1921,1780,3012,624,10402,7814,1714,2094,3182,18794,4382,4084,31552,16440,8318,3248,13022,0,7144,13890,10646,3070,2308,6426,6918,3474,3388,3230,3320,7600,2876,12280,9888,1210,5254,5396,5984,0,9654,9270,5528,4776,8910,4696,2452,814,6786,1472,5672,6186,7300,12024,7428,12090,2324,36752,29150,32692,49788,3294,5314,20692,3052,7100,5848,5352,3350,0,5172,2128,506,4630,3738,6198,4572,2314,3006,4854,1628,3316,13526,6830,9774,3400,2278,0,8186,5422,4594,5576,21018,24476,9484,10628,15830,14228,14692,12480,8388,9670,10134,5880,324,3042,4870,4974,2582,5610,11934,10776,9176,16488,1020,16090,9896,9102,10738,8624,2906,47470,21278,0,14580,18832,0,10682,8822,9932,17332,36356,13566,12476,6154,2432,18216,992,2326,11118,5638,2936,2474,1596,3792,2076,3244,2366,10192,4284,3886,496,3152,6660,1622,1078,1670
Dipeptide_408.1807,2014,1380,8996,8346,2376,1974,1448,2608,4172,16636,6790,35796,33162,7088,3388,20978,11198,10970,23280,28784,1488,31342,4012,3622,2296,694,1728,6594,5824,16074,18166,2724,1648,3234,15982,10416,1190,34134,28116,4806,2800,3728,7700,3108,718,6802,1012,4324,2604,2272,7398,4394,20392,3026,20652,8996,16160,10436,2014,1832,5638,3946,4174,1598,6444,17174,8894,860,2674,536,2092,492,12988,2598,1396,21274,9806,360,2894,5700,12356,2332,916,17852,7040,4762,8318,5598,4766,11888,34516,42242,41812,24900,78610,34032,40788,26514,43008,23552,1266,274,6878,4448,4218,1832,4424,6564,9564,8666,10972,912,31740,2656,6754,1670,2212,6116,19420,10872,33358,41180,54460,40740,25732,34062,20330,42670,29534,26122,6412,6522,2554,34430,596,2364,3284,9688,3682,4458,848,2772,6914,2358,3302,14522,22092,4234,4330,8406,21780,3152,10364,10612
Dipeptide_416.2412,1090,1370,3298,2094,2792,3886,2756,1308,3822,3436,1530,18122,8410,1522,1272,4652,3768,2194,5368,5636,978,1560,2078,2620,1676,1246,5102,1544,4130,1690,10572,4156,420,2166,1940,4980,312,2992,3492,1790,1868,5312,4760,5608,576,4462,1230,2110,2504,3402,5108,2418,4232,1122,29286,8082,5772,11300,1136,2606,10716,1866,4290,1152,4016,0,2726,2166,1560,1110,1538,2382,5590,804,1220,1332,1666,820,1804,4276,5350,3302,600,4086,2374,5154,3062,2144,1610,7184,5520,3700,4390,3064,7482,5406,4078,3846,3212,4440,1276,0,1486,2028,1720,1416,2068,4688,2720,2740,6930,0,7608,1386,0,10352,2676,2198,23062,31006,9714,6654,5420,5514,4172,7724,3638,8720,12716,5508,5086,3016,1200,9346,438,974,1396,1804,1234,610,522,1670,966,1326,934,2000,2252,2264,518,1244,5684,956,1990,856
Dipeptide_414.2837,1616,1048,1496,4120,17634,1822,996,2706,8484,5516,12694,22532,22258,1792,2438,11356,5528,5924,17592,9346,3540,2018,2050,4226,1746,1016,1288,3060,2838,4576,6842,2234,852,2648,9082,5788,438,5988,6336,3274,3984,9700,4002,1180,696,1990,1376,5364,4866,2566,4700,5894,8536,736,7878,4828,8290,5224,1448,2514,1868,4198,4704,2054,2520,3688,4654,1830,1740,1548,4286,4138,6394,1272,1394,1210,5178,848,1802,12884,5872,3034,848,4644,2496,2116,2492,4202,2480,3604,6182,5522,5924,5654,10368,6020,8020,4128,5356,3988,6412,830,5976,4626,7228,2448,6400,5630,9166,8940,9544,0,9194,2334,6194,3130,4020,12076,10784,4654,9484,9832,10078,8118,5974,5542,4750,10118,11912,9784,3922,5424,3276,10966,730,1704,2388,5992,2802,5762,1438,930,5904,1624,5038,13552,6680,2464,2246,2922,11056,1078,1744,4774
Dipeptide_Asn-Ile_245.1388,12190,8386,72662,169270,54980,0,0,92618,0,0,117264,178206,0,68762,20112,197212,77772,70108,276510,213460,0,234270,93744,33966,38734,0,56642,0,72744,190160,99448,35020,0,35610,87928,0,0,60384,0,0,0,101670,61676,42780,6536,123498,13582,59620,0,69646,0,0,241618,50630,272900,143390,210136,196966,38856,36890,146174,70582,0,0,65638,236262,0,40392,0,14144,52894,37444,214726,0,0,291454,154788,0,25418,0,197152,0,0,111908,53178,78334,47846,38744,0,69128,258502,36848,67866,0,0,102500,45426,0,0,0,0,4962,18088,0,0,18326,33902,97504,0,0,0,5806,116514,74976,0,79896,0,20394,190344,0,130708,0,0,0,61684,130204,52238,0,0,0,0,0,27928,0,0,0,0,76452,0,82256,0,0,0,0,0,0,0,0,0,0,0,12246,29200,0
Dipeptide_490.2779,0,0,0,0,0,28884,9096,0,128846,34692,0,0,205766,0,0,0,0,0,0,0,0,0,0,0,0,28012,0,75792,0,0,0,0,18954,0,0,40532,5514,68694,70372,35218,36136,0,0,0,0,0,0,0,37664,0,135048,91196,0,0,0,0,0,0,0,0,0,0,82904,24060,0,0,143502,0,28392,0,0,0,0,25178,27500,0,0,17024,0,58946,0,39956,28266,0,0,0,0,0,0,0,0,0,42096,102704,77566,39030,39078,45756,38296,196398,42268,0,0,21290,55578,0,0,0,60894,91368,117708,0,66022,0,56354,0,108254,0,123306,121974,0,165086,52068,60390,50690,0,0,0,165232,99918,137092,88576,0,229618,0,8700,51470,0,19614,21284,6570,25578,76774,20178,27808,104286,78620,35474,11846,20388,79854,0,0,18542
Xanthurenic Acid_Xanthurenic Acid_205.0385,9700,8904,93082,0,5390,6066,12778,46966,43954,9402,0,60034,0,0,14936,33652,11206,27826,77324,40184,9566,13332,0,4120,16784,4090,12930,6552,15024,8850,0,10184,5202,0,26124,25838,3680,25944,0,0,16532,0,1560,878,0,3466,5004,23656,11336,15084,26232,0,33394,2192,18626,10378,26058,7148,4294,4546,7440,10856,0,3232,460,128450,28092,4198,7644,880,15868,9096,20580,0,10516,51484,32946,3988,4626,22770,8448,35550,8674,0,2136,4940,3842,3244,159714,5042,892,0,1152,3924,6720,1838,1774,886,0,3398,2110,304,1870,3250,9648,3992,2746,18334,1810,0,30400,552,0,11868,20230,11154,131492,2350,10324,5942,14944,7112,3744,6494,512,0,0,20976,13814,18146,3480,1732,0,0,0,0,6058,3978,27206,8224,1354,1288,2624,4308,202,0,564,574,276,282,348,0,134,226
Xanthurenic Acid_Xanthurenic Acid_205.0386,9994,8954,0,34684,6462,5582,13724,0,41718,9580,47814,0,40988,8132,15566,0,11612,0,0,0,10916,13434,15974,5282,17980,4314,13220,6910,15396,9614,11050,11794,4890,20004,26034,0,4186,27234,11012,15042,0,50288,1518,0,29722,3118,5486,23424,9942,13610,0,31116,0,2472,0,10956,0,7074,4022,5170,8504,12462,40046,3342,396,108376,32726,5430,8356,0,14654,9034,21350,14398,10634,42758,30734,5004,4844,23016,9424,36652,10390,14474,2442,5288,4190,4254,0,0,0,1264,0,4544,7018,1550,1912,0,1500,0,1968,310,2082,2868,9934,3722,2630,17462,1648,9770,28802,0,28068,11594,0,11510,0,2396,0,6660,16116,9088,4362,5618,324,1206,9714,20182,13478,17852,3434,1350,9334,7828,880,590,6160,4384,0,7368,1186,1278,2406,4816,0,844,622,250,0,300,180,0,164,404
endogenous neurotoxin_3-HYDROXYKYNURENINE_224.0811,7802,22428,5224,230050,17652,30332,7758,62090,11280,9724,2152,3776,45524,16816,4760,38950,15046,20264,29902,41052,7190,5282,29948,7068,7678,35872,2716,38622,9320,82376,50918,38924,11216,24546,71346,49328,8604,91996,48172,58180,4042,35094,1452,0,6628,4048,2616,5564,7150,7842,22442,24740,83478,26022,146584,126494,124958,66802,44184,57674,29092,31080,13816,8954,0,9104,0,210,10118,890,19816,28056,40418,3212,13716,648,11754,5290,5834,25446,91028,24836,12684,16112,9796,1270,3960,9140,426,25032,22392,6704,6132,12080,16482,10554,23266,2822,6356,37396,15440,0,9580,4366,10154,36292,7598,56832,4904,42366,0,1042,27240,9632,10206,19608,45136,16624,106870,0,0,159138,0,7068,2466,0,3592,0,48872,2216,44146,79752,4706,134356,22208,4160,10030,26320,2698,120340,4992,12762,316428,7588,1014,0,0,2362,1280,258,3936,1130,1202,1634
endogenous neurotoxin_222.0654,4326,6224,0,59154,5836,11602,2386,16888,5110,3394,236,1630,13756,5840,1610,11176,4418,6590,0,11682,4232,1846,11148,2582,5220,9468,0,16256,3790,25598,15828,13952,3202,9098,27624,29680,2702,27580,17374,23298,0,16068,0,0,2252,0,0,2084,1802,3764,9986,10274,26568,8114,39402,34136,38396,21472,11878,16762,8394,9700,3480,2876,0,3296,0,0,3586,0,7218,13628,16292,1492,8790,922,0,1806,2408,8352,33994,11066,3962,6432,3294,0,0,3918,0,8754,10748,2662,3996,0,5892,5200,8622,1640,3766,16778,4902,0,2850,1670,4148,12788,3548,23748,2372,15090,1176,0,23616,6202,3694,11932,22802,6738,50822,2836,0,59180,732,6796,1744,334,0,884,18654,0,15660,26344,1886,37966,7910,1098,3540,6800,0,43498,1078,4688,97674,2920,0,0,0,1080,0,0,1522,0,0,0
Dipeptide_Gamma-Glutamylleucine_260.1382,0,5908,19212,5706,2666,3842,5222,2578,9108,0,7112,34200,0,8646,4078,3964,8472,9720,7152,10698,3446,21252,3760,3720,3786,2318,3016,5168,7102,13130,8904,2732,2800,2956,9302,3912,2438,16178,10450,3022,3422,1762,4064,2970,1520,4676,2034,1734,1726,2258,5946,4676,11790,5300,8084,6500,4938,9240,1740,3212,1220,0,3084,2362,12850,12282,10368,2372,3084,1868,3024,2428,11558,3118,2202,14480,9886,1698,3012,5194,0,3742,2618,37494,12284,6360,7192,0,6880,6672,8092,5570,11646,1850,15488,10920,9326,8050,10956,12528,1804,1088,4760,1436,4324,4430,1970,2890,10316,2392,10530,2158,5904,1950,14094,1248,1886,3582,6294,6372,12356,3276,4192,5188,8324,3712,3022,11232,6738,12478,3032,2248,1478,23088,1488,2388,1756,5442,2366,6134,1248,1824,4826,2970,4430,5442,11746,15184,3550,17140,39258,3290,10708,7972
Dipeptide_520.2755,0,0,0,0,19428,0,0,0,0,0,0,0,0,0,0,0,50214,0,0,50426,0,0,0,0,0,0,0,0,43428,69312,54690,0,0,0,0,0,17924,94016,0,13506,0,0,0,0,0,0,14614,0,0,0,0,0,58064,0,0,0,0,0,0,0,0,0,0,0,0,75898,0,12176,0,16004,0,11388,75238,0,0,122180,0,13268,0,26020,0,0,16606,0,0,0,0,0,49786,0,0,62282,0,19948,0,0,74912,0,0,0,0,0,32360,15966,0,23600,0,0,0,0,0,0,0,0,0,0,0,21046,0,0,78498,0,0,67208,0,45418,51746,0,0,0,0,19916,0,84468,0,0,0,0,0,0,0,0,0,0,0,0,0,0,0,0,0,0,0,0
Alcool gras_D-erythro-C18-Sphingosine_299.2829,10456,8144,4938,6398,13242,14462,31436,5758,10196,18714,5828,1678,1528,5218,13224,7150,15768,9862,3692,4634,10106,12216,9664,15012,7206,12156,15790,21376,9400,6056,16744,20006,16376,31030,45896,10700,23366,19604,5018,21978,10232,1940,16150,12006,14060,742,8092,22152,23812,27246,10440,23270,14036,12448,672,1068,3400,1756,21290,14180,12084,28570,35000,16706,12012,43268,6094,8470,16288,8860,22574,15376,0,8862,10134,20048,3590,11764,14578,14544,6816,16476,17220,12944,60962,60224,38880,12142,40162,20468,6212,51724,61498,38008,4950,79948,40940,79538,53118,57904,14198,16616,9116,19532,14752,10176,16880,22782,19598,19500,5320,31134,109584,24988,13354,26548,14858,24572,976,5568,46960,45710,43150,50482,37322,43624,25298,54352,36718,40576,41382,10268,33384,15142,12820,9812,42554,31978,14510,7976,26130,5098,18040,41136,22832,6862,17638,26332,45442,23638,4630,20548,18670,16474
Alcool gras_313.2986,1656,1034,1104,2172,4192,4150,12222,1564,2572,3070,1420,432,632,1132,2822,1280,3040,1466,1088,1120,2848,1958,2910,2494,2570,2424,2380,12396,2364,1610,6444,2056,7852,5940,7750,2632,3880,9050,1272,3954,2554,518,2380,2204,3718,176,1440,3668,3662,8154,1568,5244,2978,3624,336,200,936,694,2958,4358,1520,5292,3058,1726,716,6202,2636,1276,1236,1592,2524,2028,1558,1338,1568,1532,1326,1650,2328,1566,1454,3458,3758,2414,33930,37910,15938,3126,20044,4170,492,6698,5556,2990,228,10714,4506,7454,0,5240,1516,1328,918,1668,1726,1476,1542,2494,2352,3012,558,6194,14768,2690,2666,4278,1132,3794,302,634,4270,5160,3288,4948,2998,3958,2938,7360,7510,6658,3942,906,2732,1426,1458,722,3002,2584,2424,1036,1848,262,1292,2198,2386,586,1098,3498,2234,1452,428,2312,1936,1276
"Cholic acid_2-((R)-4-((3R,5S,7S,8R,9S,10S,12S,13R,14S,17R)-3,7,12-trihydroxy-10,13-dimethylhexadecahydro-1H-cyclopenta[a]phenanthren-17-yl)pentanamido)ethane-1-sulfonic acid_515.293",6076,41098,11434,11252,9514,21830,2662,9058,9992,124848,6512,1490,4270,2270,2580,8448,16148,14402,3180,5542,77504,23826,31998,143752,50598,43070,60092,23526,39284,2772,4280,10758,5336,4282,12412,8276,1262,1470,8642,20940,29560,3438,2984,9280,12778,58894,16856,92102,33514,122922,3492,448,2910,10692,2530,8370,0,4518,4182,4774,109890,15242,27778,55830,30168,155024,11580,39062,87868,22472,56976,64306,3994,24788,99240,291386,49310,13694,54868,7718,6784,67284,63964,2500,6034,2656,538,2836,2426,3896,8342,62034,5910,3934,17902,0,3970,29804,3404,29542,32308,11162,185976,130122,88238,49444,211772,160734,42502,135402,6112,0,1362,2902,1754,2508,916,4252,20696,59898,196932,43060,61232,273354,175844,122472,59438,107116,193198,205330,0,2948,6730,8394,28502,12902,97688,281080,16894,84582,30750,8360,155578,63628,3790,193920,4696,5252,3908,2886,566,6006,1688,3748
"Cholic acid_2-((4R)-4-((3R,5S,7R,9S,10S,12S,13R,14S,17R)-3,7,12-trihydroxy-10,13-dimethylhexadecahydro-1H-cyclopenta[a]phenanthren-17-yl)pentanamido)ethane-1-sulfonic acid_515.293",96780,356,0,71780,89602,55716,212,66594,58546,0,0,396,89856,72632,56980,0,424,103686,72684,104640,191816,878,112622,65418,0,70246,294,0,108278,108310,200006,560,211648,121024,0,223932,818,0,235176,188392,213932,0,0,210886,169846,0,638,189420,158080,213056,0,274,172260,246642,0,263748,0,234922,217028,0,168826,0,186220,196974,136186,142502,1256,178206,165144,168550,0,562,0,84040,87532,125010,1406,134878,52266,0,0,610,0,116838,186078,124138,546,155354,0,182520,0,558,36080,40034,38410,58294,642,48314,42426,0,87452,796,0,61164,68114,71480,428,82126,74450,79522,0,508,4114,0,34510,55300,574,58318,72272,72090,56394,496,53498,0,55390,43754,472,53788,59138,60088,304,87714,0,111768,76578,544,16608,74754,99650,80964,860,60338,34150,0,87792,0,81482,0,75394,0,300,100356,53726,0
Lipids_1-Hexadecanoyl-sn-glycero-3-phosphoethanolamine_906.5727,0,0,0,0,336,0,0,0,0,5324,0,0,0,0,828,5546,0,0,686,734,0,1262,0,1018,0,2950,2470,2414,136,0,11780,11090,0,790,3720,0,676,5236,11492,8528,14312,0,3948,3272,1494,0,2398,2694,4624,0,972,0,4470,0,0,4908,0,2690,2456,304,19044,476,45780,5044,462,964,0,3728,1494,858,0,762,0,16538,0,0,0,0,1624,0,552,2366,6530,0,10624,2808,10426,12960,0,0,4288,4474,26032,4008,964,29844,4934,52886,13354,30032,0,0,0,4932,4180,0,0,1136,26516,31090,1448,0,19124,4314,236,3750,878,1264,0,140,34246,10498,5674,24626,192,7712,0,33050,27442,56306,36604,0,956,12336,0,478,42932,9970,0,0,3108,1188,0,11898,0,23530,6828,562,1980,458,0,194,266,640
Lipids_845.5795,0,0,0,0,0,0,574,0,0,16292,506,0,0,0,1884,1114,622,2404,2880,868,1750,21724,1316,10452,3070,15440,36066,14544,0,1692,374,994,640,0,13168,154,378,3340,3264,6488,21522,1204,358,0,1334,12862,5572,14842,1802,5874,2270,538,366,0,244,1626,0,0,5460,404,4188,1646,1418,0,0,21390,2546,14432,8686,0,0,6876,0,5088,0,6044,0,0,0,8990,664,15072,41156,0,0,0,562,3390,0,0,1932,0,0,0,0,2750,0,378,11664,0,0,0,0,534,1054,0,0,730,2552,704,0,0,1130,0,0,0,0,0,142,0,8590,470,1182,23298,0,2092,0,4002,18948,7802,0,0,0,0,0,432,6226,2588,0,0,218,0,124,5338,0,9034,640,1706,2756,0,0,0,0,216
Lysophosphatidylcholine_LPC 18:3_495.3325,2872,6338,0,2468,54226,684,11534,1566,1594,384974,3818,338,324,920,77220,435676,68834,63466,44972,20232,15246,56990,9024,94842,4350,149044,511616,229680,0,2642,1182044,1495452,22792,47352,193560,192032,547834,276048,1697974,326632,327616,69914,1217820,1843024,1185544,1323716,435996,90922,159814,25626,80670,0,171096,5016,4102,1455628,4852,1814532,430120,47148,4551218,37492,6610356,2151848,2733740,128486,7406,542328,124814,296476,0,93826,868,3272228,15190,35424,488,568842,1974408,88440,32686,143676,390878,0,1441582,264806,412972,998846,2564,4644,2508838,376340,2482900,167850,114118,1406082,154154,3158896,1322298,3689490,43192,193714,21392,1492632,315046,6636,30114,70096,2951974,2780008,148640,272096,619346,651646,14274,580876,49266,246694,117624,128332,940574,403688,150744,1359514,0,712156,5748,667638,1467390,3137626,3636824,0,189626,420550,295292,371562,4240076,401818,23284,3414,1194952,310256,6680,2816244,133494,3828214,315326,89622,702498,125870,13868,211628,183798,247990
Lysophosphatidylcholine_1044.5789,0,0,0,0,648,0,0,0,226,5362,482,0,222,472,554,7172,278,0,478,198,448,316,0,908,524,1486,8040,2570,0,380,19404,31078,0,254,1550,1602,8112,2790,27170,3246,3572,0,25040,33786,26132,31676,6218,0,1682,374,0,0,1706,0,0,20816,0,19488,5902,190,41250,0,54032,35550,41662,0,500,6506,1362,2854,436,856,0,37108,154,0,446,8108,17216,5784,356,1386,4664,226,25576,2982,5074,24658,0,0,48004,4350,41200,1244,1068,24450,1466,42692,21858,46368,0,3222,0,23954,3494,0,0,0,38018,35814,894,3812,8214,13040,0,9160,0,2482,1240,1378,12848,0,0,19744,0,8786,0,8848,22150,36196,41312,0,1932,4918,3620,5490,45202,3990,0,340,22496,4180,0,33184,1318,36072,4184,758,9698,1306,0,2282,2446,3500
Amino acid_Serylleucine_218.1267,25114,15922,150718,324536,99240,0,24710,150662,183284,57304,141296,360100,311586,116754,60828,385656,123646,133676,510814,370348,0,348984,144162,70102,75704,40436,223822,136418,146086,304594,0,0,34792,88706,173486,0,15228,121646,147714,0,72718,215602,0,123460,11086,542386,22982,130878,0,132950,219214,0,412762,81182,0,234416,295558,370422,79346,102326,252376,159932,304584,44240,149194,387510,239374,72078,0,26734,0,80144,359780,0,64448,439252,277816,40568,52194,140368,336776,85736,59180,222122,0,170896,0,84550,10250,121248,432100,0,144466,192332,116040,157942,92694,0,0,271974,77102,0,49184,62802,73822,46340,49230,131642,0,131352,205120,9800,0,128146,122694,143222,151426,18078,288694,181996,234422,243106,0,0,111334,0,0,0,0,0,182974,152252,114296,241500,0,28696,102424,165088,42276,153486,20428,61108,149688,41186,0,279426,154990,64270,34710,0,169952,23742,63670,39002
Amino acid_232.1433,18390,14250,117832,225724,81036,57136,21436,85388,143010,24346,89804,307888,288472,121262,40420,210874,210434,141582,411800,407902,47178,379834,143578,70648,71540,54184,98956,96976,125620,260400,0,63716,54304,55210,169328,0,14608,133068,114380,61380,77932,157346,78348,83766,5368,248646,26096,108078,76318,134814,211482,145886,282696,63676,526936,235236,368002,259014,70744,143558,298380,130304,147130,41270,122190,232806,200060,84434,17708,13278,93976,61382,290548,51620,48812,370386,238446,21754,52580,139932,338266,88060,70908,173312,108568,113384,88060,60892,15548,150938,446488,110844,194404,236006,154478,265816,159228,92160,125202,319832,59764,5574,25400,18972,74152,17418,52128,154068,111480,150340,222456,6412,231510,107984,85642,112550,145206,22618,392104,206222,325818,368146,129344,161324,153640,212580,144984,245776,303388,253434,158184,145258,64116,327914,11414,28618,97688,141630,21018,167682,9620,57616,232450,34078,27438,221542,158196,79622,18906,18742,153110,13694,30712,19102
Nucleotide-ose_Uridine-5-diphosphoacetylgalactosamine_607.083,0,23136,0,15006,0,0,0,11758,18896,0,0,0,0,0,27882,0,0,0,0,0,15306,0,0,0,0,28128,22958,17250,28200,0,10312,50704,27216,0,0,0,53414,0,11252,13900,0,21888,0,0,25386,21158,0,11642,17218,4182,0,21654,0,0,0,0,0,0,0,27486,16006,0,16730,27050,15970,0,23948,12596,19428,28964,0,22600,0,0,0,0,0,0,0,20000,18186,20798,0,18490,5842,0,3794,0,22278,25052,0,0,0,5250,0,0,0,0,4744,0,0,0,0,0,0,0,0,0,0,0,0,0,0,0,5080,0,0,0,0,2752,0,0,3192,4702,0,0,0,6042,0,6460,32546,0,0,21912,0,0,35258,0,0,0,0,0,0,0,25002,0,0,0,0,0,0,0,0,0
Nucleotide-ose_Uridine-5-diphosphoacetylgalactosamine_607.0833,24184,0,39010,0,26986,47684,49028,490,0,0,18920,26948,25538,20624,25770,0,69960,41500,0,0,0,20168,21212,35840,30888,0,3028,0,0,33812,0,0,26474,32038,60996,21470,0,66904,0,0,27480,784,39470,37878,0,0,55866,322,0,392,46492,584,0,45460,76968,26834,55122,17984,28206,0,566,59632,0,0,0,30688,0,0,19706,27848,24584,0,26540,27476,31070,46140,50858,40376,53130,19684,0,0,18768,568,734,0,488,748,0,25082,7606,6792,6258,5974,11010,10612,9504,6542,0,6676,16744,39188,28954,19656,22954,22448,25204,15220,19086,14924,24140,16360,9966,19682,8338,20486,25118,11930,30854,2376,3938,14876,3230,0,6740,7444,11190,6594,12794,0,0,56046,21830,0,21002,36296,34382,0,25412,26744,27978,18926,48078,31686,0,23560,0,38752,42350,42660,52198,41250,48330,38020
Lys-Leu_259.1894,2954,2926,11162,30544,7606,5780,2902,12646,25396,2500,17092,32012,32666,14642,4628,29108,18148,18378,46852,51528,9944,24842,20552,12400,9990,7466,13126,17220,16936,31444,30956,5672,5194,8854,15206,15728,1534,25660,24340,12774,10190,23034,13570,8820,1614,36192,3710,15958,13294,17300,22782,15094,42842,5594,88824,30890,50264,37138,10098,14460,25970,13342,17130,5102,17818,24138,13298,9002,2438,4064,11918,7782,25270,6042,7214,7374,10816,3824,5710,19002,53320,14386,6756,11358,16148,19126,14082,7340,1018,15136,93626,51856,49442,49732,98030,54882,49704,31840,42198,65676,8886,756,17252,11060,20918,9934,16200,26050,28188,28420,40526,1336,59280,15936,13660,14022,19474,2330,50386,31806,73208,80932,63710,68712,45704,72008,35076,71834,69754,53472,22826,19108,7730,57128,2302,1620,13420,18388,3940,21152,3082,7072,27196,6472,9606,38208,25236,13102,6610,7712,24920,2452,5264,7094
Erucamide_337.3345,692456,732160,1153360,798494,828818,789568,918320,1121168,801578,818016,895822,842892,896770,715104,849744,954752,837188,758618,970700,765914,1067786,790090,787282,1077096,979634,843954,787136,1230864,1449836,1144712,1231702,941872,968088,1080616,1733848,1438638,1131234,1246138,1096762,1074728,1393354,992726,1014356,1176972,970574,1098794,623992,1108308,1460970,989156,2040292,1257668,1384936,1233052,939992,943946,784556,814602,698100,975202,1114730,768026,871658,1337840,1705692,1131802,805454,1197392,1599958,1392636,1521866,892194,963380,886874,1030128,904300,938946,840504,1268716,1203644,1093142,968688,984864,1402884,1059560,1219446,877506,1069924,1066374,1144350,1145924,691672,822810,790800,816376,690320,652106,942616,1194968,731822,1153384,655796,716898,639960,978150,708246,624976,837768,891384,853634,689008,682812,868210,1152198,725766,615626,692178,778160,669710,607158,1293152,616084,841456,923082,1033212,626822,733356,760040,1138608,895300,756134,1092524,651152,797254,471380,561700,488634,820470,824972,628356,550338,963830,731286,532008,506008,586946,518636,438634,779444,430006,643358,562892,582616,613256
Leu-Val_230.1635,3808,1010,98370,179070,41192,14734,1676,72036,123838,13070,70236,265664,339238,97356,9954,100814,133508,37784,195488,199696,28772,707092,105966,33334,45056,14536,0,97160,147566,409954,131866,17726,6928,12164,76470,23318,576,56678,52854,16664,34486,92964,36206,35888,452,0,3298,48886,25292,62640,96146,32338,319712,16624,430300,80048,219162,113022,16974,0,0,44144,0,0,0,234834,179908,29592,0,822,47470,0,378584,0,16430,483016,237062,1970,11752,66696,0,33384,14022,125734,37252,54234,25676,97162,0,146310,430794,32052,82850,142230,138888,68594,32114,29798,5826,195240,9956,0,5456,2124,34716,2376,19448,68150,35582,40096,232870,0,123318,0,90684,0,71980,1696,277926,139132,167484,127488,50506,62104,0,168600,43178,161224,145748,121350,0,63350,0,243862,500,1166,25534,80954,0,50224,1386,21542,55036,4642,4372,187626,313504,35398,1094,722,167558,0,14416,7140
Thr-Val-Leu_331.2102,3114,3512,13556,9204,3342,8670,2196,4532,10186,38542,2786,65298,25852,5514,4202,33358,23976,5178,24252,11922,2208,14774,6438,4746,6552,2190,3730,9938,15562,15092,16930,5160,2186,1482,9432,5482,424,8316,9592,3552,6422,4952,9422,3062,0,7460,1008,5920,4202,6988,10448,4450,21772,3490,13914,7620,9360,11548,1804,4834,10102,10998,3404,3404,7932,11116,12696,4168,738,1764,4242,2176,27118,2610,3062,4548,10688,714,3920,10774,15738,6146,5240,14864,6262,8618,6990,7380,6926,15368,11054,8022,9298,5308,18526,10386,10924,4934,9868,7896,4914,1100,5412,5172,6460,4498,4792,7664,8394,8430,19856,664,11880,4536,16414,5092,7498,7534,28102,10498,15368,14518,14472,16666,14244,9648,9174,19480,17560,14600,6930,5646,5316,13752,1572,1826,7036,7748,2518,7128,598,1232,5660,3178,2116,12106,7936,5870,1568,2830,26620,1850,3038,2194
beta.-Nicotinamide adenine dinucleotide_663.107,0,10108,1208,0,16376,8602,18526,256,3614,218,1470,0,162,0,0,10948,11444,18632,13684,0,3632,0,0,17792,0,9334,6274,3848,0,0,0,45876,17984,25088,0,5282,53534,0,0,0,2124,24590,19722,23478,41900,7530,30288,1224,5578,0,9048,20902,0,64014,0,0,3126,9472,40988,34912,17954,0,13336,38272,2820,0,0,0,0,21898,20832,26828,0,30036,67142,0,0,8934,46898,15522,0,0,25704,0,0,0,0,0,0,3930,0,0,0,0,0,0,0,0,0,0,3976,4174,4270,0,2404,12210,0,6664,0,0,0,2246,0,6310,0,1752,1406,0,0,0,0,0,0,0,0,0,0,0,0,0,13472,10992,5144,3344,8824,29772,26772,0,7704,12584,29698,29160,25070,21142,1874,0,0,0,4418,0,0,1772,0,0
Cholic acid_372.267,614,16196,894,376,0,14972,1812,656,1256,141186,0,0,0,0,0,230,1140,554,0,0,20298,21070,19378,44404,61658,85736,117472,15430,19266,328,0,634,0,0,1124,0,0,0,0,888,9198,700,0,0,506,30238,47030,28218,714,42228,874,348,0,0,0,0,0,0,2370,0,50234,6736,784,4728,20794,156446,1752,20942,11178,1234,48310,38650,876,1674,33628,88934,4246,344,3722,4986,0,15610,58234,624,0,0,0,0,0,162,378,15858,0,118,458,1266,310,5310,0,1224,2654,0,31508,4442,4218,3080,9226,18792,4894,2442,0,0,0,0,0,0,0,0,0,1474,28174,3204,3208,133314,52106,42594,18720,17796,105238,65974,0,0,0,0,0,95742,33176,12716,1076,2194,1712,0,3546,9310,0,245734,972,754,984,0,0,0,0,0
Ile-Tyr_294.1589,912,1000,16606,48336,8248,6252,1008,16236,30914,1156,18942,41880,50882,17924,2408,38332,22074,23892,70438,69270,0,52476,17360,7370,5570,5574,18526,18816,24206,44912,28946,7576,2836,8310,12496,15786,1422,20862,18190,0,0,41780,0,8910,1404,84312,296,13542,11542,17194,72318,18180,67072,6744,157072,50716,103994,54944,18012,11078,44066,10400,39926,4016,24206,29714,13876,5236,1826,872,10560,9236,42388,0,3932,31100,21026,3994,6018,12100,63530,11470,4222,12814,24972,21684,10418,11782,1226,35434,119834,14336,34222,40718,31384,43526,21474,15878,15780,70946,7230,310,3616,640,5336,4856,5252,23630,13954,15466,56620,662,45030,21174,19500,14988,17914,1088,145036,31162,71940,61592,18622,20164,20356,52560,13308,33976,56988,36384,27598,13726,5146,51570,1838,752,11308,18744,418,20210,2540,7030,21660,5296,5538,34982,22188,8774,3294,4196,24702,1836,2056,3178
N-Oleoylethanolamine_325.2988,1724,3928,5606,1196,1208,2158,1474,1922,2626,2992,2296,1748,1268,1328,3306,718,2126,2712,370,1052,3464,8806,2582,6204,4182,4532,3570,4338,4608,1746,9808,2210,2156,3096,4436,5876,2740,4602,6106,5048,3716,1014,2120,1646,3388,852,5442,3536,3210,2276,3148,4020,1230,4902,616,2284,840,1768,4892,6784,1654,1744,3588,1722,1582,5758,2662,2762,6376,1920,2396,1018,5086,1320,1762,2998,6572,2202,2170,4026,3030,3582,2828,10662,4010,2894,3496,1968,3916,1706,51532,213450,76438,120934,143102,108434,197918,246418,104082,57962,7482,2924,7166,8002,5942,4440,7940,4968,8436,9850,9742,182972,146286,2944,9572,2846,3954,8052,612,896,54762,53262,94008,107800,107864,26154,51908,84662,69766,81284,2940,2536,5238,3540,3132,5878,3830,10142,2550,1392,4038,3418,2730,5402,81666,11490,18782,36512,33844,73374,21594,16700,81056,66942
"8-Hydroxy-5Z,9E,11Z,14Z,17Z-eicosapentaenoic acid_300.2092",1762,646,22076,1104,728,1008,1052,1074,1190,1720,1884,16300,5016,924,1958,2354,2990,1466,5180,4236,4766,8506,1772,1588,1436,1374,612,4618,7530,14380,28258,1154,3076,1158,6222,3130,988,7306,8082,1712,1086,934,1460,1534,752,982,652,1598,1002,890,4832,2870,7020,1030,4886,1612,6208,1084,868,1412,260,2364,830,296,1118,2064,2744,902,1266,374,1438,526,10444,426,566,14580,2402,284,386,1430,15442,1412,1540,3208,8674,17464,11284,3726,6998,1052,9118,36812,5284,10190,41446,21192,31978,9068,26770,10864,35578,18690,83032,52446,71902,51574,72836,41042,20944,32380,29828,67940,26486,11746,14352,20848,29954,65164,26984,31156,12698,40110,21292,34844,62166,25436,37468,37172,23510,12240,5296,23952,35986,20390,22846,13738,9646,71472,45614,24584,19250,39294,27492,36060,53654,63816,73026,74010,45216,134854,111380,72732,143686,99102
N-Acetyl-D-glucosamine_221.0914,4760,5732,21904,29402,11352,4530,5304,16926,16304,4002,20260,64600,70072,23228,20786,40824,14664,40180,43380,52148,11416,28100,11558,5482,5854,3984,3364,18146,10860,19012,49104,8766,7456,7230,11704,14410,5178,18142,20982,11572,6564,30024,8106,3070,5558,11508,3616,9472,8806,7008,17540,26084,33426,5618,58056,25776,40206,28414,7156,16968,20644,7070,4868,2920,5450,13028,17470,6060,4630,2892,5060,4840,44550,14508,4296,21838,24322,2194,4038,15272,68156,10668,2888,19566,18508,12744,16688,8706,14580,12206,41292,87282,102568,27028,134064,105654,79344,91258,93432,50426,3906,3916,8144,4686,5420,6330,5642,10988,23164,19786,36454,9986,78906,20270,31886,20476,20770,15174,28980,75092,62684,68634,24258,54454,38284,31826,16320,53986,86614,57554,30462,17992,12248,62128,3102,3202,6148,18646,3186,5874,4946,11242,4824,3834,10466,15174,19578,22286,11846,18946,29210,7394,13288,14784
Valerylcarnitine_245.1636,19152,5182,27598,15694,9728,4616,10318,7038,24082,23820,35650,26886,109252,30902,18074,45082,55012,36590,101912,37600,11458,45254,10508,27562,14950,6190,15574,8310,21978,64804,24122,9848,6328,8728,30162,11470,15480,31052,24916,12112,10672,6650,16966,10878,7042,30156,3638,8556,5392,6628,8742,12480,24194,8576,36856,17678,12394,8694,22260,15336,4320,10906,13100,2586,19456,25734,6378,3252,8336,3990,5560,5248,18590,8494,6110,15554,9186,4512,6246,19292,11460,7374,4608,32386,16150,15168,14858,28410,14088,9620,33618,25416,35108,27228,29034,18786,17262,25012,24108,25290,13378,6196,22180,17458,18644,18084,15276,20218,12884,12174,48418,7608,17736,15240,12586,11040,9430,26606,27832,28886,17272,17122,33572,14218,11998,30166,12826,17058,21666,19982,17836,18156,12554,27534,13316,11828,16422,64052,20594,19120,11312,23156,34712,26432,9556,53176,31730,10442,11428,13002,28402,15020,19286,20226
Palmitoylcarnitine cation_399.3351,1142,5160,188,0,18718,1136,9430,4350,14624,48642,5982,0,1922,1760,12154,4258,15560,11764,2012,2342,3158,10516,5624,34754,14586,30086,18660,14574,1200,3854,20902,51798,6394,35086,43252,20132,29798,45748,18318,19148,11254,2434,11154,75724,40062,3084,31366,12394,4974,17124,910,36880,15336,15630,4162,23020,1740,6190,21386,36426,14352,22698,37590,27698,5514,6164,610,20056,96376,14002,17122,7856,138,20050,24032,20972,968,34982,31258,15226,13932,17770,23830,266,3792,7174,16488,4172,0,1930,9848,35622,20890,27414,47950,30708,19796,23836,12364,23248,51348,30084,14216,47510,23100,27190,41506,35778,38296,21622,18714,17618,18604,28196,6912,21022,9664,35096,1024,1920,37060,42106,51786,37948,32876,31202,58056,30904,23690,37906,44874,11952,98428,64478,54710,77886,90492,85920,5988,30434,34848,11328,34620,59390,39870,41632,29968,33820,69440,35832,38348,52864,29814,31562
Phe-Leu-Arg_434.2645,0,0,0,0,2816,0,564,0,2998,0,622,0,1002,0,0,7624,418,1402,10608,2408,0,0,1408,320,0,0,1044,1350,0,0,1544,6298,0,978,564,1614,0,368,284,472,982,6302,0,584,0,3344,574,730,652,1050,1348,4006,2820,700,10360,7300,9570,11458,1262,0,13768,204,1520,6176,0,0,0,0,0,0,522,1094,0,3238,0,0,0,526,722,0,5686,2258,184,0,0,1210,0,318,880,1836,12312,826,1740,7356,2418,7362,0,826,188,3294,7524,0,0,708,562,458,844,7052,3108,4286,2522,0,10720,9496,0,17122,1902,846,16478,31592,7172,3426,1082,1108,1714,1822,960,4202,17830,5778,23956,1822,334,15944,774,690,2454,606,0,0,4676,19552,0,10704,1180,2870,0,0,0,178,0,568,0,206
Tributyl phosphate_266.1643,547674,275680,284306,174774,296810,502566,461202,232656,298352,104170,90682,108452,112514,166506,220526,53168,335126,358420,85038,77554,246118,61086,78666,120612,104540,104222,55340,244980,98102,116368,157480,234412,206338,191548,82996,176782,166588,107876,265042,257854,337854,166476,108766,236988,313776,257728,243206,231674,320654,234358,137474,238794,110806,220020,192848,210608,172896,206278,460860,428920,99418,92828,342314,235950,313614,73874,156654,154866,93590,122496,110358,136668,210058,196314,209030,62388,229894,124426,173802,271092,146146,172740,228584,290382,108882,76618,85418,174840,93820,110274,248372,314046,133182,296806,276968,280128,355514,358342,227914,291506,67432,144418,199142,418738,288024,89574,163242,133228,120262,214106,183488,267148,219580,219766,95470,142730,194266,123570,120874,32684,174080,220852,321998,164744,207492,224876,155212,264032,409714,221668,112436,22166,80726,197508,137964,116570,48988,60188,93910,105982,87258,55204,38302,88918,186422,316612,71630,251758,101238,131848,122910,38322,16928,162954
Prostaglandin A1 ethyl ester_204.0907,171738,188822,382560,420494,190790,190284,150094,213624,254378,490500,288412,1033262,933466,308820,229404,566884,425624,408748,607540,794870,160044,936054,253588,232428,170020,127574,144040,342694,295108,608098,512782,166706,135012,182182,484708,355796,112966,996306,688302,223936,196126,211152,334754,196182,100124,311894,86966,217310,185038,169066,266098,256226,552464,201496,740258,324780,547904,360784,164454,150506,299950,233650,226800,131118,309802,562624,392754,116488,175508,85720,171814,112038,476808,183622,132802,693534,439850,54398,189510,305634,496328,187682,119426,629170,324158,265410,345294,266032,278454,413460,1082466,1336746,1256618,865424,2153618,1017680,1228882,885462,1205556,866268,145822,78220,323448,276546,288522,171472,285202,333172,481704,380800,519382,143744,1010454,200352,362214,167616,202068,316180,597320,464604,1096238,1318480,1445806,1163228,816870,914602,715050,1232200,1067540,900466,290872,329050,191986,912496,89020,154520,186686,359802,226586,265698,132222,195928,315024,167148,254522,593602,699900,291486,277368,380488,746048,208458,355810,425886
Leu-Phe_278.1635,1222,590,28418,201280,38860,9106,1198,64042,210556,1622,152760,130936,176962,62720,3258,196922,114532,76326,443686,325040,15326,261950,83590,20864,26026,16684,42694,56350,48896,188890,132516,41090,7310,21996,95424,31556,1282,84276,60172,23708,23392,299984,24692,20710,1184,278448,6536,59266,28464,65892,410856,96410,312072,48680,920686,197008,349730,253906,198258,103124,260588,35910,187208,25270,54614,127600,68898,24664,2138,1088,95590,35926,197416,19304,16800,263774,129278,9754,16874,71818,296326,32706,17704,22264,50234,50178,25704,36048,962,35376,530602,36266,84978,210252,103388,162650,48386,48578,41504,247164,46096,0,2520,3396,28938,4930,20382,176046,55056,82232,184530,342,212668,92318,55058,89930,110218,678,527454,170144,310710,255254,59660,65832,64766,171524,38834,176302,268876,175762,212736,99618,8634,303030,0,512,44974,90196,430,96404,2382,43258,149842,25760,7876,162428,159612,22036,1796,2540,73740,1120,2738,2304
"(R)-4-((3R,5S,8R,9S,10S,13R,14S,17R)-3-hydroxy-10,13-dimethyl-7-oxohexadecahydro-1H-cyclopenta[a]phenanthren-17-yl)pent-2-enoic acid_388.2619",26244,27842,3508,2434,1112,44416,8396,4338,9724,97854,0,762,2464,0,1054,1556,3568,5656,788,282,31808,49584,32634,92652,51400,78596,204416,12846,28952,5808,0,1752,1180,946,9852,742,332,1146,138,1950,18110,3802,3844,1728,10320,98174,89432,54394,3488,47588,4620,1110,822,1330,250,1030,1140,878,14146,292,34264,18618,12292,11928,87064,252568,7996,67524,22464,49456,109138,71150,20332,8966,68982,156242,33188,2698,20774,17602,446,22846,38666,3498,330,0,190,492,688,1184,2138,9380,786,990,3012,2854,1102,4914,1124,760,5920,1030,24640,11162,8040,4518,6522,19116,6402,4776,978,382,390,350,236,0,218,632,132,814,8596,2500,2116,47654,19334,13638,10560,11450,44362,29900,0,482,0,0,412,18158,10312,24758,1666,3694,2972,0,4908,3172,0,179784,824,3172,1526,340,0,296,0,0
N-L-Leucyl-L-leucine_244.1794,0,2662,80638,258942,66180,27804,6302,105916,196740,26120,123914,460594,348552,97296,21096,298754,137528,194570,529988,447732,23440,516488,102658,40344,57702,41866,99240,94900,121484,363424,140598,67262,23526,48054,122006,73668,7646,114108,90244,41164,56928,239560,70356,83496,6278,460680,18382,91376,45162,80884,136642,122050,421822,41526,980696,227732,441948,267924,59812,67474,239892,98008,219628,54394,167332,193716,137502,50372,11460,5666,118110,41806,300054,33592,40958,441970,154576,17214,47034,96616,366220,67514,41242,260852,90454,99132,44632,82814,4648,190748,655880,51584,124274,181730,131472,168276,66846,61670,45934,285854,41978,766,34708,19880,39086,27430,34976,146968,58894,95424,271306,1348,211452,71850,120080,76664,88168,6810,629154,160070,334140,333444,71748,80314,91036,178582,52326,182090,252510,215424,138960,79096,20720,243504,4516,4448,61670,118238,0,134230,17144,62184,184108,30818,23216,188384,148618,43916,8344,14026,160556,11398,30578,16502
Asp-Leu_246.1229,7736,8074,32488,17074,8788,7500,8746,12872,42000,20382,32410,35202,16748,12324,7674,3926,8818,9902,10476,7442,10896,17974,7230,7206,7808,4908,8118,12026,8522,17710,0,3620,5472,4340,17296,10864,7254,19566,18472,5756,5294,33300,3480,8074,3804,42860,7148,8312,3016,4856,16034,22194,9888,7466,16952,31406,22050,56390,7560,8596,24682,8826,17482,4226,11508,0,35520,0,10066,0,10986,7984,32306,8200,2840,36562,18468,3398,4516,7470,18396,6086,0,55594,13482,11926,16998,10734,0,9758,85300,15668,23594,34944,22632,36410,17500,0,14196,41048,7044,1524,6230,4862,7842,0,5726,28420,11684,15838,24622,3496,46012,17286,28700,2874,5146,4972,26394,4208,66294,49724,18708,19984,19818,27792,12208,40058,60004,35760,36572,16604,4270,55554,1710,4620,9578,11182,1982,20850,1676,9384,27362,4436,5360,20176,56596,27632,0,31660,62192,3014,12184,12020
Ile-Met_262.1356,504,524,4446,47812,5456,2842,346,0,24244,518,7174,10750,22774,0,1026,29248,13890,6592,47666,50338,2288,52742,0,3562,0,3832,0,12438,8566,38284,18174,2836,1318,5344,14760,4488,436,0,552,3852,3828,26460,0,7112,364,229956,408,0,5624,7000,16120,11786,65476,3762,95664,34950,65324,41542,7552,10508,42336,7800,62954,2568,27170,40910,0,4942,306,486,17046,5144,69680,194,3000,54560,18284,1394,2710,0,47976,4428,2258,6782,9234,0,4472,5788,696,9688,144872,7960,23574,33866,20522,29610,9200,8866,7422,59574,5286,254,654,968,3726,612,642,18524,10130,13804,71880,240,31464,11468,9266,9222,0,0,86944,17358,49242,56998,8944,12734,18880,30604,9458,26918,41048,31906,0,10854,1758,45500,384,0,8284,24512,252,24014,548,8342,24448,3038,1678,29048,30032,4470,474,622,11818,858,940,1154
"(R)-4-((3S,5S,7R,8R,9S,10S,13R,14S,17R)-3,7-dihydroxy-10,13-dimethyl-12-oxohexadecahydro-1H-cyclopenta[a]phenanthren-17-yl)pentanoic acid_406.2726",28934,45512,2728,5886,2004,35660,11450,2262,4836,108794,1380,0,1424,394,3180,4960,10904,2422,5028,2486,5054,18012,5620,87462,29990,61590,153790,9022,7314,6838,0,22772,2270,2004,92274,3334,484,5144,368,9714,0,1950,4712,710,4408,226874,146378,10152,0,26514,14788,3220,4482,826,590,1802,4206,1046,56546,1290,15926,67908,7800,3158,187710,168104,13582,111394,61262,9402,133638,128962,9258,4586,104780,181572,27782,886,15362,12158,830,81088,79112,12642,574,528,450,2198,5680,7606,1716,1594,0,0,1088,640,552,358,1244,0,176,0,2026,836,306,680,294,386,250,0,468,248,0,170,392,0,0,0,200,0,992,300,514,3608,1668,1056,1196,862,1346,962,0,0,0,0,0,472,440,520,112,0,0,0,0,512,0,3328,0,1238,0,0,0,0,0,0
1-Heptadecanoyl-sn-glycero-3-phosphocholine_509.3501,0,1160,0,0,10930,0,4498,0,0,47356,0,0,0,0,5302,23730,7096,4232,6450,6098,3982,17092,0,11442,0,12348,45078,23830,0,2976,54676,46054,3792,4460,17388,14214,22916,23846,88012,36552,46558,8536,73866,68764,62304,29398,35204,11508,15168,5496,6456,2822,12160,0,0,38568,508,38834,17198,3096,318516,5418,592862,122016,218812,18626,2994,31528,14676,19382,0,9970,0,120896,0,3772,0,19882,90038,7136,5076,12752,21772,0,87862,26710,27406,57798,0,0,72112,24260,153602,12662,10490,112746,14562,201532,73492,234448,3178,9458,2026,56744,16910,0,2130,6664,165898,128192,7386,12110,40812,20950,1134,22502,2444,11188,5258,8278,52860,42492,12486,68412,1756,34832,636,41820,112288,161714,139872,0,6252,13536,11320,11642,159994,39390,3634,768,41044,11066,774,100188,5540,157662,23980,4684,27116,6546,536,9764,8794,9836
L-Tyrosine_164.0479,108540,69226,231994,259826,103468,106582,96904,151260,92276,279126,186634,405110,298040,168280,156706,227308,238746,231538,237940,335874,129568,388690,132978,132558,92206,127998,86594,213046,219156,308544,223450,128530,94874,112218,236894,116358,59846,317388,293576,98494,152288,178712,208302,127122,66652,72072,69568,133294,145776,117746,190918,121456,324768,136976,307832,192882,289954,159470,145754,149348,174272,113968,110222,112084,136624,279594,210892,85200,152094,66456,172598,84684,342850,115102,111650,390792,183462,50330,146506,217338,276180,138636,83574,300376,185318,139322,134294,118760,133350,209464,246034,391988,442212,304872,432148,400768,408932,330654,327264,291328,80546,72246,180636,158866,162970,156086,215000,235498,273554,222296,180026,107138,291234,121662,155502,105790,123656,203722,282128,228724,187980,474302,446602,382456,357368,343772,321072,254450,318552,353418,121242,213996,149414,272886,58620,123130,145832,213070,161326,240332,121824,178522,303166,66806,152982,193560,186456,178468,166044,152280,258866,159002,169746,219168
Glutamylleucine_520.2784,8048,0,0,0,25406,28884,10124,0,0,0,42236,0,0,154936,24592,0,67678,75254,0,0,17156,0,85810,21674,29470,26514,0,0,0,0,73532,27318,0,41398,0,70612,6130,0,118294,24582,31158,0,23294,22796,4346,0,9036,15294,33080,0,0,0,0,15918,0,0,0,110960,44112,31996,165030,37454,82952,19568,0,0,0,57506,28930,13816,43038,22430,0,16680,19964,0,0,0,21732,49688,258270,44922,21856,0,0,0,56584,0,62600,0,0,54190,54362,0,0,0,39672,66010,27196,0,0,7280,0,0,24202,0,25772,0,54588,0,0,4114,89400,51960,0,0,0,0,0,0,0,0,36778,43392,0,0,40328,0,100722,0,0,45938,17214,0,7636,17968,30990,0,24662,0,0,0,76280,22326,16780,0,0,0,9286,20864,0,0,0,0
L-Alanyl-L-norleucine_202.1327,62988,22368,187780,486766,93728,0,0,172958,283182,107752,207008,678500,431262,255914,100208,461822,215738,284822,504930,639516,0,395900,167038,102886,199654,69102,213752,222508,262908,477398,329564,98078,0,111250,166122,168854,11580,210502,191264,85204,138582,333706,161688,127806,5920,568790,28494,198052,133690,149044,252310,195616,616616,123202,830464,307534,616446,288364,132488,157724,286786,198866,323326,62908,230180,408632,266970,134514,45840,36656,153408,126104,573430,74602,109050,809108,251404,30198,0,227882,378610,0,118966,326852,198592,178230,145388,102806,21378,259582,874278,128610,293948,246582,207880,298096,137848,142872,115870,437454,64932,5244,0,92612,92514,0,100844,290346,153136,161682,351194,7376,357050,134342,198506,163938,192974,34392,613240,324274,491898,336294,170508,174358,182282,260590,166458,321542,400542,379054,227126,165756,109638,364318,18264,30662,135170,201780,45856,293730,29496,78644,340634,42444,68396,345496,176926,85420,41476,0,171952,25968,0,49008
"Glutathione, oxidized_612.1505",234196,23454,8414,208338,402438,386436,403940,192486,412112,44244,413556,9456,30590,239548,433810,844896,478010,457952,572318,270110,446314,42166,374706,417252,577470,332038,355556,200704,297994,282200,155160,564286,790476,502822,650158,376946,1296552,402156,279738,354084,515918,230932,632428,703470,1056846,73850,692652,431690,152000,156272,249550,201756,443138,1099440,165146,460064,233828,392674,403902,422900,176892,146718,300220,429972,70470,209524,74952,228848,106762,402082,226012,241752,48632,479018,526534,193022,274752,1228786,538184,290096,127724,145890,300418,12810,59864,81176,87760,436334,271988,99130,40236,98914,42228,72620,50102,51930,68556,108076,108842,30252,601954,821892,373688,429916,250704,413496,552678,128196,187430,143228,346222,870914,51988,522280,94010,411784,378084,1481128,239512,164998,34712,40520,45646,66302,110824,70734,198006,41344,38662,84752,228584,578248,724262,69624,591852,1166892,595428,629400,1138722,261524,787304,822350,457086,898248,708144,271104,344704,143256,1007554,437546,180788,1733886,1134528,840102
Tributyl phosphate_532.3245,20814,6478,7656,3072,8708,20518,15156,4774,8194,6886,1618,1062,1508,1706,4700,1222,7154,11198,1170,1696,6702,1710,2730,0,3430,3384,3942,5334,2784,1196,3022,7870,4124,3172,2196,3926,2792,654,6686,9834,5376,3120,1414,6814,11036,10246,8574,6302,10866,10924,2090,6170,1522,5866,2338,5186,2846,5218,20004,14232,5494,2010,16638,7158,13502,6244,3044,5360,5232,3116,3998,3428,4580,6296,7544,8274,5684,1870,5104,7450,2438,6428,0,6896,1184,700,0,1810,550,1586,7128,10770,362,6062,6384,9866,11068,5532,5974,11932,2138,2214,6100,20654,9762,3268,7616,6716,2552,7364,3710,6596,5138,3520,782,2946,2892,1464,2010,3258,6574,5282,2348,5622,3830,7558,2862,8450,6156,5478,2158,682,1444,4294,3172,1466,4250,0,1904,4922,1680,732,7194,3314,3532,7274,1094,6002,1168,1680,1446,1130,704,2856
Glu-Val-Phe_393.1917,3088,5484,7522,4470,2228,6038,3196,3476,7850,5884,5162,76800,23876,5860,1926,0,25272,9524,21876,16372,3006,16962,6504,5302,7394,3024,4154,5762,12754,17932,15996,8704,2676,4180,14646,6924,690,14928,3636,3924,7072,19992,6332,4244,800,4274,1180,7186,7186,8118,15660,3066,11290,3560,25042,9908,11042,13838,3460,7488,14002,12884,7328,5182,4766,6194,4546,3746,6586,1990,738,3260,24464,3634,3344,17764,10444,2154,3166,10030,11952,9744,3612,27314,9256,8620,9050,10130,17044,17992,17210,14802,17986,17524,26622,20074,23706,9448,17998,13132,7836,1286,6540,7642,8562,5490,6640,6208,12518,11400,18286,842,25778,6524,15214,11486,7018,10406,66874,24016,30920,18302,16462,22214,16928,15038,13676,32158,25348,22124,8054,5182,6288,7728,2362,2798,6108,9282,5638,5898,1580,3844,5000,5552,6614,13172,0,5816,3820,7550,29046,10956,29964,11716
Leu-Leu_244.1795,6170,2964,83114,217580,47108,69448,4734,95586,141618,12602,66042,441590,342004,40684,25936,136070,297058,107748,239842,359034,38202,734156,134480,75364,112076,38120,41644,133238,213828,498964,351916,40798,34618,25798,189050,32950,1442,151076,104920,57390,48168,289454,118658,43468,862,203284,7170,81502,50044,109460,245048,77558,355746,50974,955800,185720,330624,204060,37440,143674,190018,160074,125520,16620,100388,360930,178434,81748,4744,5562,76092,49818,362310,22514,48356,502472,256650,12696,34414,172304,381264,86942,54620,114708,92790,96252,81944,108498,4268,177904,330054,123296,131962,175202,218974,227834,120114,108186,93018,171950,29490,928,12184,15830,62476,6652,70344,148018,73124,125330,524808,752,282918,78946,178964,76860,134310,3188,794832,278856,481412,370798,176952,219558,247594,149424,165292,443854,324760,342208,148754,114472,25634,347166,1802,904,56150,215086,1546,188838,4090,39696,184080,18114,13886,146750,241516,63760,7054,3376,142080,0,15370,6428
Trp-Trp_390.1703,0,0,0,4208,1306,700,0,1300,3276,0,1722,1706,2848,2408,0,2100,1684,1704,5586,5362,602,6120,2432,1168,766,1296,780,2054,1584,4956,6772,602,554,1472,1264,1488,356,3716,4196,1096,790,13878,978,0,126,3110,374,994,1602,1024,2392,1962,4700,0,21116,5008,8356,3740,1542,848,2308,1024,2016,252,1872,2174,1672,0,0,0,1334,782,8806,1158,0,3348,3298,0,866,1566,7518,950,990,2334,1636,1776,728,1250,0,4914,7920,1786,3198,4566,5786,4900,2762,1746,2344,5650,1544,164,564,368,1246,0,1346,3108,2566,1580,3234,306,8514,1184,1872,3140,1678,0,15770,9176,7530,4526,2602,2984,1904,4572,1920,6218,4590,4594,7090,1774,940,10324,422,0,1098,2032,546,2874,622,2144,1354,904,716,2038,5340,1412,294,0,3508,0,590,0
Thr-Val-Leu_331.2108,6030,4790,11484,12104,6306,8764,4810,5654,7618,11770,4836,63326,19804,5172,5892,22426,18400,9694,14204,15304,3932,19732,13738,9692,6684,5676,11850,11364,11338,28878,21090,7250,4666,5308,17050,8126,1044,22746,16020,7846,6912,7746,9056,12616,908,45712,1690,11340,9106,10042,15220,7796,17502,4856,27228,10012,11738,10930,4310,8052,10312,10504,17578,3880,11662,3998,9864,6546,5908,3522,7928,4910,10256,0,5306,3532,12144,1470,4298,17264,16290,9602,4320,10942,9436,8358,7714,10198,2578,38412,20016,16946,18688,17616,32824,23594,29520,14102,17872,14488,9764,1192,14078,19688,19924,9194,19624,21592,31188,32222,34540,724,34266,5966,19950,9624,10676,22312,32252,18296,39258,33612,31072,41578,35240,23238,23872,47746,44032,39414,7940,14284,6912,19378,1974,3740,10816,15326,14778,11072,1986,4562,10578,4760,6144,20102,15320,8810,4006,8434,15244,3098,7860,7100
Benzalkonium chloride_303.2932,6888,5170,4888,4668,5158,5220,4680,5226,4800,4894,4780,4534,4238,0,4850,0,4914,6684,0,4154,7890,4492,5244,5498,5656,6912,11624,5794,4794,5176,26176,5680,6712,5834,6854,9548,5494,6186,7120,5076,5858,4890,5748,3894,5646,4954,0,7482,5888,7058,6230,38692,5696,6256,10668,5716,5548,5162,5340,5392,6966,5478,4926,5568,6000,5776,5272,4292,4726,4728,6514,5876,9106,12288,5576,5052,4790,4838,5698,5446,6118,5192,8786,4754,5326,5694,4876,5052,4998,4528,18004,6566,4394,6730,3554,9786,4240,3676,7890,5302,5228,11616,4782,4916,5150,5144,4686,4964,5848,4922,4754,6354,5932,5938,5256,6272,4860,5368,4502,4472,5710,6382,11000,6334,5562,7028,7384,23520,5248,15082,5382,4922,15352,5558,6214,4316,4694,4496,4864,5712,4632,5890,4814,4672,4788,6184,5602,6042,5134,5148,4482,3810,5086,4542
Pantothenic acid_219.1118,44324,55434,118652,150192,41190,62522,74878,124860,125536,182490,160642,275516,166850,61716,94888,202620,180352,163290,233206,228590,64878,261262,81740,91508,119942,82274,73344,91976,102512,206558,122758,51176,53454,77248,173962,84084,72562,197306,83106,82724,116630,56306,80908,76038,61422,172736,39876,137932,35526,89358,115974,52082,148950,85962,248704,106398,128710,105686,48768,76468,67712,125140,87628,36620,128440,160042,153060,47800,99102,37368,83034,42698,155802,47036,51304,191704,217396,46132,47410,44824,135164,79736,83840,171848,76396,85054,81384,99288,157894,113738,78468,80266,51766,46638,113142,73010,55860,43700,59310,50914,55168,34214,241670,41790,52662,156588,47452,59376,43592,64080,96398,47670,98422,45758,61500,33426,81198,137870,101622,77802,77434,76724,65500,59768,57450,48468,74336,78716,88948,79062,62078,78256,59754,164130,36484,40782,42682,117970,48962,57182,26410,45326,278508,55726,55138,60280,118336,58700,46474,66134,161614,82594,111726,85238
Gamma-Glutamylleucine_260.1383,30906,41656,108104,23022,0,28148,40364,12152,18022,100492,19500,179246,93092,26448,21686,35012,0,47598,40384,0,21070,123528,17776,26094,28290,17236,21910,27962,0,0,0,16646,20278,20314,59202,24770,0,0,57958,0,22734,10796,26432,25234,11208,26852,0,10120,11514,15270,48394,14822,0,38484,34684,25694,29606,42014,13964,26170,6588,58180,13352,11856,45554,0,61526,0,29884,0,14708,0,0,19884,11852,0,71646,0,21830,0,33154,21876,0,161744,30846,19886,30154,38752,0,58874,46200,0,59760,0,120806,69822,0,53572,83626,65392,10510,11088,0,0,16588,0,18406,14480,57180,15958,59566,44592,34790,13388,45088,11614,13534,0,29614,29842,0,34376,54000,0,96638,0,0,94772,49186,86452,22642,0,12594,0,12170,21972,20954,59478,24290,30004,15830,21552,25086,28726,31366,27582,60714,61436,26270,71340,175718,33742,61970,45230
LPC 18:1_521.3486,1544,1434,420,3492,1432,2126,5776,948,1670,3570,0,194,262,416,1204,4720,1672,1936,230,1252,4532,1472,4234,4564,5040,4358,37432,3644,2274,410,44090,215130,4566,0,8770,9808,226912,5508,20388,0,4320,0,66820,248424,185356,0,93090,2592,4844,4642,2444,5368,0,2762,3270,22158,1900,154188,54520,3974,1093804,2468,1101782,457908,89492,13334,6102,7572,4600,60828,3888,5744,1264,709218,3890,0,944,237208,847912,3370,1274,3662,5260,588,253148,19956,0,2158,1566,712,133468,184110,212602,0,3890,135298,37074,613916,381662,892452,32494,76808,3650,200636,83430,0,27052,0,572858,297686,2326,156390,0,172946,948,235072,0,76976,1442,3324,0,0,41598,268662,0,190732,0,0,0,181566,1128636,0,37424,0,150268,127814,792310,18768,4992,0,355516,89558,5400,235492,108716,928390,3328,8192,149012,17804,844,73264,27722,62680
Glu Phe_294.1226,47422,70416,149338,24786,16764,40200,53582,13956,18484,138898,36822,245808,101384,26484,18296,28708,52886,44416,40226,41276,13596,153460,10132,18268,28978,11796,13054,32480,45560,69740,57496,17050,25416,12768,43464,22018,7052,51368,53764,14988,26012,5068,20960,25156,5520,10374,8900,12238,7498,12324,44282,17872,46490,32966,25410,20926,24042,31138,9652,23688,5090,96228,6146,8198,19274,86588,88620,10214,44574,15154,16494,9648,74394,13398,9918,218876,74402,9378,22248,32976,19916,18676,15048,148070,31354,22894,31076,35656,54464,63488,17832,16378,28264,7248,32494,28340,26832,20842,25306,34354,1132,0,11322,1796,4250,3632,3386,6884,7150,5182,33904,5172,11702,3408,27402,2610,3302,9136,8384,17040,45548,4790,13218,17632,34034,14576,8196,58436,16176,44054,9906,6554,2604,64512,1796,4228,1668,9920,3330,19700,1884,4106,14584,4836,7362,14300,33132,41434,5682,37570,115484,6702,21374,16840
Glutathione_307.0829,17064,4940,1250,3648,3924,23040,11078,2122,6326,1226,29380,2234,2676,14052,19836,13552,56676,24022,19856,22012,22428,13472,8234,47936,35612,21840,13052,16704,12110,43364,11550,7520,5482,24476,40690,11888,16620,13422,10920,15508,23756,23762,29506,13718,29988,34768,11590,25978,29494,58556,25322,8286,16762,10736,13026,9482,3338,6222,13102,15528,11120,7796,25274,11380,102590,45700,5366,6030,33406,19616,41340,15584,0,39416,39930,11876,49754,7694,32748,22314,32656,32560,17244,3166,4860,9898,5644,12176,33698,12358,2848,2602,3344,2052,5892,3294,8466,12362,11712,4054,14248,3574,2166,18066,22982,7512,2868,11082,0,9026,15842,3636,7946,0,5084,2228,4752,4130,20878,12954,4850,3972,32494,4034,2586,0,4238,4904,12120,758,2240,3090,30102,1374,9306,2480,2768,48640,7938,4942,2622,1724,2158,7704,5370,1834,12604,2854,3824,0,5246,3128,5466,11432
Riboflavin_376.1392,67454,18714,113272,87602,14280,27370,18082,57822,129740,176440,151832,166256,109652,77684,42198,78274,43376,57398,136352,69476,38346,176552,51056,13572,65908,39538,11346,49568,53384,92470,169122,36480,20034,38976,134046,198350,7146,237200,102570,54228,37556,131504,12364,19796,6356,19366,7084,86634,17182,44528,128820,111366,73406,29944,221736,124200,124308,102022,48952,38902,18132,32998,34908,9384,15254,173974,55078,7812,10178,10150,42452,51502,127862,12354,24314,140732,59376,11428,11426,43168,84064,73758,47120,108456,37934,49070,55354,45052,124064,52956,22490,19870,18542,44924,41874,18714,17784,22264,17152,33516,21154,4654,25434,30470,15144,30342,13890,58100,13428,24178,13940,30102,49306,12186,37806,55834,73942,120278,106918,193422,29730,70652,32488,42804,30944,30354,28774,34372,83538,28374,12136,55502,25962,24652,4840,14188,11608,18294,17064,46612,5768,10174,57968,13260,22214,12430,22986,15848,12688,13362,65452,20516,38448,28364
"2-((R)-4-((3R,5S,7S,8R,9S,10S,12R,13R,14S,17R)-3,7,12-trihydroxy-10,13-dimethylhexadecahydro-1H-cyclopenta[a]phenanthren-17-yl)pentanamido)ethane-1-sulfonic acid_1030.5863",5864,642,2970,3062,5112,1788,0,2898,2374,3664,5254,530,0,3220,2436,2674,0,7156,3970,5394,16480,0,8002,2882,7544,3010,0,4402,6822,7030,20582,0,23644,8294,17856,0,308,908,25958,19626,22620,0,12142,24956,16396,10040,0,16892,14722,23816,0,0,0,32604,7562,33226,0,25140,0,0,14190,0,17268,20026,10328,11260,536,0,12802,16710,5064,0,5154,4152,4844,8468,0,8866,2222,0,17480,560,0,8624,18194,8946,0,13436,7808,18722,1722,0,1190,1266,1148,2280,0,1976,1548,1110,5064,0,1236,3056,3122,3160,0,4840,3354,4174,2030,0,0,1464,1082,2314,0,3348,3254,3522,1858,0,1926,2050,1566,2102,0,0,2436,2508,0,4208,0,7574,3360,0,0,3728,6798,4038,0,2206,1162,5294,4584,0,4390,0,3326,3086,528,6182,2054,3116
Glutathione_612.1534,20096,2272,1850,29810,41214,49948,47660,18056,61020,11204,50660,1876,8032,40286,46810,164198,107840,61014,111482,53122,48728,12348,42478,63220,76632,30034,42756,22628,42762,53666,26246,55458,82150,56374,146726,58872,120180,86726,52942,44668,59432,35658,76390,99400,94394,16672,82388,55716,18052,16628,40056,24850,76260,114490,45658,72686,60468,61324,41014,41644,28192,21764,45826,42208,11610,36968,9340,24752,18824,41942,27050,17490,9948,61500,55380,37746,45094,118642,70366,50050,22856,17322,30486,2878,7690,10178,10094,60504,41290,18998,14966,36910,10550,15494,33980,14928,23880,26150,34970,10884,61690,63326,62064,64128,30740,45654,91654,25034,30790,26208,76672,78978,18942,60170,12446,50026,52304,228708,55182,24854,14542,20348,14698,19990,34944,21412,37376,15544,13992,18664,38266,81250,75206,23760,51020,127650,79758,106038,140680,33796,64864,89454,67490,119742,110284,53682,91376,22406,133100,68592,40700,175758,170720,159382
12-Ketodeoxycholic acid_390.2779,1664,11392,2520,638,348,7932,1746,1628,2380,20674,0,0,398,246,418,202,404,656,178,182,31448,7644,18202,17734,28294,31058,50536,4854,29156,1528,0,494,0,0,2362,528,0,174,0,246,4862,2026,0,142,2312,21050,13198,12730,1872,16934,1758,336,224,156,154,188,296,170,1166,0,2776,4456,358,298,31684,80984,1704,17490,10696,770,46214,59046,7382,1568,7724,61410,4036,0,592,6440,344,5692,9614,352,0,0,0,154,0,224,802,324,214,218,194,0,0,0,242,0,240,410,750,262,156,344,0,736,202,0,0,0,230,0,0,126,0,190,0,202,556,0,0,1492,394,578,212,222,1234,530,0,316,0,234,208,226,0,0,164,0,0,0,0,282,164,800,0,288,118,0,0,228,0,192
"(4R)-4-((3R,5S,7S,9S,10S,13R,14S,17R)-3,7-dihydroxy-10,13-dimethylhexadecahydro-1H-cyclopenta[a]phenanthren-17-yl)pentanoic acid_374.2825",19522,79278,124038,11538,2890,99382,45762,31290,82600,309204,24406,8634,19456,3288,36646,6494,16360,50680,52352,17870,493960,240138,342974,287358,469176,471636,668904,189240,560428,84760,1890,4614,14660,1016,96038,6878,7056,23016,13378,30866,88556,55212,2038,0,15226,265316,115916,123140,8752,326384,17650,29416,1986,676,6352,7842,34752,1474,39568,11502,51144,58430,4428,1720,440896,1052286,132758,129678,95488,4534,309540,294614,228216,21294,50808,331238,100670,2002,1622,129574,10202,150122,199344,60084,1188,2962,2774,13292,15114,1782,19860,500,2526,0,2484,11192,416,1146,64180,1158,3526,1218,26824,6556,3772,10278,2510,25232,11948,2662,4048,0,3724,0,886,0,0,0,976,798,32760,2188,13904,126218,47478,15182,48212,9874,87232,22100,0,800,226,0,1688,6032,22514,11940,2122,2228,1038,0,716,24534,1668,37158,4600,43516,33114,2182,4356,0,4056,806
Asp-Phe_280.1066,0,0,1874,26994,1662,694,138,5750,20510,0,16876,20474,1264,1356,1050,1140,2256,1302,1092,770,2484,0,1612,564,1902,900,3908,8406,1942,1858,7630,1030,1400,1994,3860,3240,468,25552,1038,2644,606,34334,0,0,532,68174,356,3850,230,2594,7434,10174,3162,0,0,20666,6292,45746,3108,1492,20080,1438,19882,2006,1956,0,19050,1130,506,376,2688,5748,15576,1992,2876,9328,630,484,444,1768,5382,2708,414,1112,5774,1932,3596,1154,1632,294,97324,6390,16346,40310,25148,33684,11202,9192,7846,34206,4402,0,3002,1930,3228,1838,2254,19800,0,13368,14002,254,40464,10380,26614,2684,1260,574,12744,3278,42676,36526,8264,11356,11700,13576,4940,24568,48688,23256,24908,12656,2488,47896,764,226,5064,6836,0,12226,1406,4922,14014,4302,2132,12098,52450,7482,1184,4414,22660,126,1240,1210
Nelarabine_297.108,9982,4780,16032,12748,4940,2750,3732,14028,13656,15880,3156,12356,6622,7784,4296,6680,15606,7804,5666,12982,6848,31946,4762,3306,5266,5180,1264,11500,6128,19500,20632,3272,4572,10736,14746,8592,2826,13704,12852,11792,8970,8326,2024,1014,5938,1120,406,6132,6258,9356,13688,12810,18110,9252,25590,11372,17092,7690,4294,12746,3408,7918,3046,762,810,9966,14612,2020,9920,1524,5154,4152,17780,10884,3718,22804,19124,316,4266,8918,18568,11300,7126,35808,17378,21208,20290,11838,27226,10098,8656,10114,9186,5390,14404,14262,10824,12046,10158,7746,5020,2082,6584,8316,7022,4512,5350,8328,15752,21278,16762,5100,20222,4476,17684,8894,19708,28142,20156,16306,17856,8420,19948,13050,13224,7240,7392,19590,14866,20056,4438,9808,9216,5504,4138,3286,3300,16036,5202,4142,1806,2052,4022,5864,10684,5996,61422,35910,5872,26274,64040,8078,16298,18838
Abrine_187.064,158070,171726,344042,398038,180908,173814,128356,203484,235178,468928,288678,982132,885606,287910,206204,533496,395066,374562,578684,766394,144424,889596,232620,220854,145124,116638,129774,320832,269052,553572,499028,158436,117022,171330,452890,328082,101424,953272,638886,210786,173094,191838,312894,172626,84938,286330,71106,196388,167426,154114,252508,235304,528234,181662,697380,301176,513326,333294,145460,139028,278034,214088,217602,118918,285660,546688,353744,101584,161988,73226,150346,96044,456970,161044,118432,668832,414716,44744,167992,283248,461694,166818,106760,586546,300998,238886,320900,243224,254682,399640,1020760,1292448,1227978,834088,2014472,989064,1201232,853326,1186794,826092,136026,69442,295032,259068,272070,160704,279174,315802,466334,356528,484558,133408,974264,191482,355106,159476,182788,278736,656782,444780,1052004,1273396,1340606,1087336,821406,1003224,675218,1186158,1031218,867956,286132,322636,176116,879196,79822,152366,174912,342810,205344,248434,114258,167986,297348,147850,233634,555964,646184,263672,251160,357596,707242,187332,339710,396534
"(4R)-4-((3R,5S,7S,9S,10S,13R,14S,17R)-3,7-dihydroxy-10,13-dimethylhexadecahydro-1H-cyclopenta[a]phenanthren-17-yl)pentanoic acid_784.5872",0,3322,11056,0,0,4946,1428,0,4414,50136,0,0,328,0,1068,0,0,0,2088,0,121514,31588,65334,48216,114326,112350,166440,17554,145272,3792,0,0,0,0,4786,0,0,0,0,458,4380,2694,0,0,296,46604,7570,8786,0,62714,0,0,0,0,0,0,0,0,950,0,1456,2084,0,0,91878,339114,11926,8142,6150,0,52442,50252,34092,0,1392,61562,5766,0,0,9564,0,16064,20228,2108,0,0,0,0,0,0,0,0,0,0,0,0,0,0,2216,0,0,0,0,0,0,180,0,0,306,0,0,0,0,0,246,0,0,0,220,0,572,0,0,8426,1428,0,1362,0,4160,288,0,0,0,0,286,0,0,0,0,0,0,0,0,0,0,772,0,1294,0,0,0,0,0,0
"(R)-4-((3R,5S,7R,8R,9S,10S,12S,13R,14S,17R)-3,7,12-trihydroxy-10,13-dimethylhexadecahydro-1H-cyclopenta[a]phenanthren-17-yl)pentanoic acid_372.2667",943806,691670,266268,176588,95764,901982,447984,249252,429312,568396,98550,47784,114770,12324,194724,131698,243646,181746,250754,84244,697124,981242,343174,1249274,1028334,1121330,2209042,487262,724568,329082,14372,307818,99422,43572,941696,121592,45098,276166,60194,277396,288916,144200,93982,110888,156260,2359530,545012,500276,148586,1018610,97634,231238,84808,54724,15436,106376,242904,56340,830262,33452,246936,453148,256518,133604,2116838,1845860,616780,1214772,708840,547072,1425646,1220986,926812,217006,1137502,2252838,985350,79922,524172,781982,85190,1036822,1012888,361910,17282,31252,21992,103158,100476,176020,272322,185394,20400,21782,108200,195528,35990,229600,629828,13946,231454,42300,599910,244004,400198,294344,331096,585602,536118,123222,318918,19312,92430,11514,80914,18908,28746,37804,30020,31564,822004,191244,238932,1768542,1210470,502352,842352,732176,1702728,1138088,2670,19206,2304,4018,14620,516588,524192,508596,59716,117114,31240,16836,51040,609114,17724,1663402,89998,896188,125074,52730,54734,8600,52636,26730
